MaKho,MaSanPham,SoLuong,ViTri,NgayCapNhat
KHO0001,SP144,245,Khu 5 - Ke 3,27-12-2024 04:38
KHO0002,SP039,42,Khu 10 - Ke 17,13-08-2025 03:17
KHO0003,SP164,376,Khu 9 - Ke 17,25-04-2023 00:22
KHO0004,SP005,177,Khu 8 - Ke 38,25-09-2023 04:56
KHO0005,SP032,295,Khu 10 - Ke 7,05-04-2025 22:29
KHO0006,SP164,316,Khu 1 - Ke 16,24-11-2024 04:57
KHO0007,SP009,436,Khu 5 - Ke 29,03-08-2024 13:01
KHO0008,SP153,457,Khu 4 - Ke 33,15-03-2023 21:47
KHO0009,SP006,285,Khu 2 - Ke 15,08-04-2023 04:19
KHO0010,SP023,490,Khu 8 - Ke 49,27-02-2025 02:20
KHO0011,SP267,135,Khu 7 - Ke 40,30-03-2025 22:34
KHO0012,SP291,325,Khu 8 - Ke 29,31-05-2024 23:42
KHO0013,SP259,375,Khu 9 - Ke 33,23-07-2024 20:41
KHO0014,SP198,93,Khu 5 - Ke 3,27-10-2025 07:13
KHO0015,SP117,69,Khu 2 - Ke 31,04-08-2023 18:35
KHO0016,SP112,25,Khu 1 - Ke 4,30-09-2023 19:32
KHO0017,SP110,339,Khu 3 - Ke 10,31-05-2023 13:49
KHO0018,SP098,387,Khu 7 - Ke 4,05-07-2025 06:53
KHO0019,SP100,69,Khu 2 - Ke 19,05-07-2023 18:07
KHO0020,SP002,24,Khu 2 - Ke 37,07-03-2024 22:29
KHO0021,SP031,149,Khu 4 - Ke 25,26-02-2025 07:39
KHO0022,SP249,184,Khu 5 - Ke 17,04-01-2024 23:10
KHO0023,SP267,491,Khu 10 - Ke 2,28-01-2023 15:37
KHO0024,SP150,447,Khu 4 - Ke 29,12-08-2023 18:01
KHO0025,SP158,173,Khu 2 - Ke 19,15-05-2024 19:00
KHO0026,SP107,33,Khu 10 - Ke 22,14-07-2025 02:41
KHO0027,SP260,302,Khu 7 - Ke 3,16-02-2024 11:50
KHO0028,SP235,124,Khu 1 - Ke 8,31-05-2025 10:24
KHO0029,SP164,358,Khu 8 - Ke 40,18-12-2025 21:06
KHO0030,SP073,159,Khu 6 - Ke 9,17-12-2025 22:59
KHO0031,SP095,357,Khu 3 - Ke 10,14-06-2025 10:23
KHO0032,SP057,91,Khu 6 - Ke 31,19-09-2025 04:49
KHO0033,SP140,106,Khu 9 - Ke 45,16-11-2023 10:02
KHO0034,SP136,353,Khu 3 - Ke 20,15-04-2023 15:22
KHO0035,SP075,116,Khu 4 - Ke 36,11-02-2025 22:01
KHO0036,SP212,408,Khu 6 - Ke 21,25-11-2023 20:43
KHO0037,SP107,277,Khu 5 - Ke 28,02-01-2023 04:53
KHO0038,SP030,184,Khu 10 - Ke 34,05-06-2025 04:48
KHO0039,SP113,216,Khu 1 - Ke 1,16-01-2024 22:20
KHO0040,SP162,427,Khu 10 - Ke 41,03-08-2023 09:47
KHO0041,SP110,119,Khu 8 - Ke 13,22-04-2023 04:07
KHO0042,SP083,30,Khu 5 - Ke 44,10-06-2024 01:17
KHO0043,SP167,415,Khu 10 - Ke 13,07-05-2024 03:15
KHO0044,SP087,246,Khu 2 - Ke 21,15-12-2025 23:46
KHO0045,SP137,221,Khu 2 - Ke 39,18-02-2024 15:42
KHO0046,SP115,88,Khu 1 - Ke 8,10-01-2025 23:14
KHO0047,SP072,381,Khu 7 - Ke 8,23-12-2025 05:43
KHO0048,SP197,206,Khu 10 - Ke 41,14-10-2025 19:47
KHO0049,SP106,296,Khu 2 - Ke 17,27-12-2025 06:16
KHO0050,SP102,58,Khu 3 - Ke 10,12-10-2025 13:03
KHO0051,SP097,330,Khu 10 - Ke 23,05-08-2023 03:36
KHO0052,SP238,219,Khu 3 - Ke 41,15-01-2025 06:24
KHO0053,SP177,306,Khu 2 - Ke 14,14-07-2023 16:47
KHO0054,SP107,371,Khu 9 - Ke 27,09-01-2024 17:56
KHO0055,SP124,204,Khu 2 - Ke 21,30-05-2024 21:52
KHO0056,SP128,343,Khu 10 - Ke 15,03-11-2024 10:13
KHO0057,SP086,140,Khu 10 - Ke 40,08-08-2023 05:58
KHO0058,SP277,491,Khu 9 - Ke 4,09-11-2023 10:48
KHO0059,SP196,297,Khu 1 - Ke 31,05-12-2024 16:34
KHO0060,SP004,114,Khu 5 - Ke 12,24-11-2024 23:45
KHO0061,SP257,224,Khu 9 - Ke 31,17-01-2025 21:32
KHO0062,SP172,484,Khu 6 - Ke 43,08-08-2024 07:00
KHO0063,SP209,18,Khu 8 - Ke 50,18-05-2024 14:06
KHO0064,SP096,271,Khu 5 - Ke 27,16-07-2023 16:51
KHO0065,SP196,491,Khu 8 - Ke 13,10-01-2024 17:30
KHO0066,SP010,299,Khu 10 - Ke 13,18-09-2023 15:51
KHO0067,SP244,6,Khu 7 - Ke 35,03-04-2023 16:33
KHO0068,SP036,282,Khu 2 - Ke 40,04-10-2024 19:35
KHO0069,SP018,284,Khu 6 - Ke 2,21-10-2025 23:07
KHO0070,SP196,68,Khu 5 - Ke 3,09-10-2023 06:39
KHO0071,SP042,101,Khu 1 - Ke 22,14-06-2025 06:54
KHO0072,SP247,77,Khu 6 - Ke 19,16-06-2023 05:38
KHO0073,SP269,396,Khu 7 - Ke 14,16-05-2025 11:30
KHO0074,SP186,456,Khu 7 - Ke 4,24-07-2025 13:22
KHO0075,SP048,347,Khu 7 - Ke 42,20-08-2024 18:33
KHO0076,SP293,149,Khu 3 - Ke 12,12-01-2023 03:24
KHO0077,SP022,188,Khu 10 - Ke 15,28-03-2024 20:58
KHO0078,SP074,19,Khu 3 - Ke 30,06-11-2024 20:17
KHO0079,SP114,41,Khu 6 - Ke 20,04-10-2025 11:37
KHO0080,SP233,200,Khu 7 - Ke 21,02-06-2025 03:09
KHO0081,SP298,187,Khu 9 - Ke 19,12-08-2024 18:09
KHO0082,SP247,446,Khu 10 - Ke 8,09-05-2024 06:58
KHO0083,SP034,491,Khu 4 - Ke 28,02-08-2024 23:41
KHO0084,SP031,239,Khu 2 - Ke 26,06-02-2023 04:53
KHO0085,SP144,108,Khu 10 - Ke 31,19-08-2024 20:11
KHO0086,SP128,300,Khu 9 - Ke 31,22-10-2025 04:40
KHO0087,SP108,303,Khu 1 - Ke 49,12-03-2024 05:34
KHO0088,SP120,35,Khu 9 - Ke 9,17-11-2023 09:37
KHO0089,SP043,32,Khu 3 - Ke 48,28-10-2025 14:01
KHO0090,SP282,77,Khu 6 - Ke 26,11-01-2024 07:13
KHO0091,SP084,166,Khu 6 - Ke 5,11-08-2025 02:46
KHO0092,SP261,242,Khu 10 - Ke 17,30-03-2024 04:54
KHO0093,SP089,162,Khu 1 - Ke 4,06-05-2024 02:04
KHO0094,SP067,253,Khu 9 - Ke 7,25-02-2023 21:38
KHO0095,SP083,365,Khu 1 - Ke 36,22-07-2023 09:55
KHO0096,SP275,383,Khu 10 - Ke 24,08-01-2023 10:39
KHO0097,SP100,169,Khu 10 - Ke 39,20-04-2023 01:51
KHO0098,SP001,192,Khu 6 - Ke 43,10-06-2024 09:24
KHO0099,SP283,488,Khu 8 - Ke 38,23-04-2025 21:07
KHO0100,SP287,269,Khu 2 - Ke 5,15-09-2023 23:21
KHO0101,SP228,161,Khu 7 - Ke 41,09-10-2024 22:31
KHO0102,SP119,462,Khu 8 - Ke 23,19-06-2025 02:06
KHO0103,SP138,78,Khu 7 - Ke 20,19-02-2025 07:24
KHO0104,SP198,289,Khu 6 - Ke 42,06-04-2025 13:14
KHO0105,SP018,176,Khu 3 - Ke 16,15-06-2023 08:19
KHO0106,SP123,257,Khu 8 - Ke 46,04-11-2024 05:15
KHO0107,SP285,442,Khu 10 - Ke 44,01-07-2025 22:20
KHO0108,SP292,215,Khu 5 - Ke 5,17-01-2025 10:00
KHO0109,SP280,232,Khu 5 - Ke 48,09-08-2025 02:47
KHO0110,SP019,312,Khu 2 - Ke 20,23-06-2023 16:14
KHO0111,SP239,179,Khu 7 - Ke 22,15-11-2025 00:38
KHO0112,SP290,113,Khu 8 - Ke 28,02-04-2024 07:33
KHO0113,SP041,485,Khu 9 - Ke 31,23-11-2025 13:10
KHO0114,SP088,162,Khu 3 - Ke 47,16-12-2023 10:49
KHO0115,SP165,489,Khu 8 - Ke 17,27-11-2023 22:15
KHO0116,SP066,20,Khu 5 - Ke 14,07-11-2025 15:52
KHO0117,SP237,8,Khu 10 - Ke 14,23-09-2025 18:47
KHO0118,SP243,27,Khu 4 - Ke 27,07-12-2025 09:40
KHO0119,SP155,75,Khu 9 - Ke 10,15-03-2025 14:03
KHO0120,SP145,265,Khu 8 - Ke 31,24-05-2025 10:40
KHO0121,SP164,75,Khu 2 - Ke 49,01-01-2025 02:09
KHO0122,SP166,142,Khu 6 - Ke 25,24-06-2025 20:08
KHO0123,SP071,283,Khu 8 - Ke 35,21-12-2023 23:07
KHO0124,SP052,249,Khu 4 - Ke 7,03-10-2023 05:10
KHO0125,SP221,396,Khu 7 - Ke 2,09-01-2024 03:39
KHO0126,SP029,79,Khu 2 - Ke 4,23-06-2025 20:14
KHO0127,SP154,480,Khu 5 - Ke 38,07-08-2025 23:06
KHO0128,SP242,28,Khu 7 - Ke 15,19-02-2024 23:52
KHO0129,SP168,320,Khu 7 - Ke 38,16-07-2023 12:06
KHO0130,SP153,435,Khu 9 - Ke 37,23-09-2023 21:17
KHO0131,SP027,95,Khu 6 - Ke 36,22-03-2023 21:04
KHO0132,SP278,42,Khu 2 - Ke 25,02-12-2023 05:30
KHO0133,SP178,500,Khu 6 - Ke 12,03-09-2024 14:14
KHO0134,SP108,355,Khu 9 - Ke 39,09-10-2024 10:07
KHO0135,SP125,101,Khu 4 - Ke 27,25-06-2024 11:50
KHO0136,SP183,241,Khu 10 - Ke 4,30-09-2025 20:48
KHO0137,SP193,178,Khu 1 - Ke 50,03-05-2025 00:12
KHO0138,SP198,152,Khu 1 - Ke 43,17-02-2024 19:33
KHO0139,SP195,85,Khu 2 - Ke 3,10-11-2023 16:12
KHO0140,SP049,283,Khu 4 - Ke 13,06-04-2024 19:54
KHO0141,SP094,113,Khu 6 - Ke 42,25-03-2025 14:27
KHO0142,SP213,245,Khu 6 - Ke 6,15-09-2024 09:02
KHO0143,SP056,464,Khu 2 - Ke 35,22-09-2025 02:07
KHO0144,SP220,174,Khu 7 - Ke 50,22-09-2024 19:05
KHO0145,SP053,352,Khu 1 - Ke 41,25-11-2023 17:07
KHO0146,SP168,264,Khu 2 - Ke 19,03-08-2024 16:34
KHO0147,SP166,86,Khu 4 - Ke 25,23-04-2025 06:47
KHO0148,SP165,44,Khu 4 - Ke 25,05-04-2024 07:38
KHO0149,SP196,380,Khu 7 - Ke 12,23-03-2023 02:11
KHO0150,SP244,231,Khu 4 - Ke 47,12-09-2025 14:26
KHO0151,SP258,152,Khu 7 - Ke 11,01-09-2024 03:13
KHO0152,SP183,126,Khu 1 - Ke 18,26-03-2024 11:54
KHO0153,SP071,165,Khu 9 - Ke 8,12-04-2024 05:33
KHO0154,SP237,121,Khu 3 - Ke 41,15-05-2023 06:55
KHO0155,SP180,271,Khu 1 - Ke 35,25-08-2023 12:51
KHO0156,SP059,453,Khu 8 - Ke 47,19-11-2024 20:17
KHO0157,SP166,335,Khu 7 - Ke 2,27-10-2025 16:14
KHO0158,SP211,365,Khu 3 - Ke 45,25-10-2024 16:25
KHO0159,SP263,244,Khu 10 - Ke 45,11-07-2025 13:03
KHO0160,SP002,365,Khu 6 - Ke 33,26-09-2024 11:16
KHO0161,SP032,473,Khu 7 - Ke 45,28-07-2024 07:18
KHO0162,SP198,173,Khu 3 - Ke 6,30-11-2025 08:58
KHO0163,SP153,353,Khu 6 - Ke 8,04-10-2024 21:29
KHO0164,SP010,226,Khu 10 - Ke 45,26-09-2025 09:39
KHO0165,SP173,324,Khu 2 - Ke 23,20-05-2023 05:42
KHO0166,SP034,381,Khu 4 - Ke 12,22-02-2023 12:59
KHO0167,SP083,320,Khu 3 - Ke 3,20-08-2023 00:31
KHO0168,SP251,249,Khu 5 - Ke 17,24-02-2024 03:23
KHO0169,SP072,242,Khu 2 - Ke 33,12-12-2023 13:55
KHO0170,SP290,365,Khu 2 - Ke 26,26-01-2025 14:06
KHO0171,SP050,236,Khu 9 - Ke 35,30-08-2025 19:12
KHO0172,SP225,115,Khu 4 - Ke 46,11-10-2025 03:08
KHO0173,SP128,381,Khu 6 - Ke 24,17-02-2025 12:19
KHO0174,SP112,258,Khu 5 - Ke 4,03-06-2024 18:35
KHO0175,SP148,306,Khu 2 - Ke 16,11-10-2023 15:15
KHO0176,SP240,376,Khu 9 - Ke 14,10-09-2023 00:14
KHO0177,SP298,464,Khu 1 - Ke 34,13-10-2024 12:57
KHO0178,SP218,445,Khu 7 - Ke 33,13-06-2023 12:43
KHO0179,SP006,9,Khu 9 - Ke 6,21-03-2025 13:30
KHO0180,SP082,240,Khu 7 - Ke 3,15-01-2025 15:51
KHO0181,SP049,365,Khu 7 - Ke 2,26-03-2024 18:10
KHO0182,SP077,288,Khu 3 - Ke 26,02-01-2025 11:24
KHO0183,SP174,207,Khu 9 - Ke 1,20-08-2025 18:10
KHO0184,SP050,485,Khu 4 - Ke 24,23-01-2023 22:43
KHO0185,SP231,137,Khu 9 - Ke 31,30-11-2024 09:44
KHO0186,SP086,334,Khu 8 - Ke 25,03-03-2025 18:25
KHO0187,SP183,287,Khu 8 - Ke 21,13-03-2023 14:45
KHO0188,SP051,0,Khu 5 - Ke 2,04-08-2024 04:29
KHO0189,SP173,378,Khu 3 - Ke 16,12-09-2024 11:40
KHO0190,SP131,95,Khu 2 - Ke 31,20-10-2025 11:43
KHO0191,SP280,431,Khu 5 - Ke 10,07-05-2023 19:06
KHO0192,SP148,99,Khu 2 - Ke 22,01-05-2023 09:05
KHO0193,SP247,80,Khu 3 - Ke 40,04-01-2025 19:51
KHO0194,SP021,196,Khu 8 - Ke 15,14-03-2023 22:44
KHO0195,SP115,268,Khu 9 - Ke 21,06-03-2024 07:12
KHO0196,SP141,112,Khu 8 - Ke 16,25-05-2025 01:11
KHO0197,SP291,217,Khu 8 - Ke 17,25-11-2025 11:35
KHO0198,SP270,88,Khu 9 - Ke 5,24-08-2024 17:16
KHO0199,SP282,419,Khu 3 - Ke 25,05-07-2023 23:17
KHO0200,SP291,425,Khu 5 - Ke 33,30-06-2025 08:24
KHO0201,SP074,80,Khu 1 - Ke 18,31-01-2024 14:45
KHO0202,SP091,161,Khu 2 - Ke 36,17-06-2023 00:05
KHO0203,SP074,20,Khu 4 - Ke 18,26-06-2025 03:50
KHO0204,SP189,449,Khu 4 - Ke 26,22-03-2023 07:35
KHO0205,SP143,456,Khu 10 - Ke 4,10-03-2025 20:14
KHO0206,SP261,156,Khu 6 - Ke 15,24-09-2023 22:34
KHO0207,SP220,164,Khu 3 - Ke 14,09-05-2025 14:13
KHO0208,SP192,240,Khu 7 - Ke 13,06-05-2023 03:04
KHO0209,SP114,425,Khu 2 - Ke 5,18-09-2023 08:19
KHO0210,SP146,56,Khu 6 - Ke 31,28-05-2023 05:47
KHO0211,SP184,162,Khu 4 - Ke 39,28-10-2025 04:43
KHO0212,SP120,176,Khu 10 - Ke 37,10-09-2025 17:13
KHO0213,SP072,398,Khu 6 - Ke 13,26-08-2024 06:02
KHO0214,SP235,67,Khu 1 - Ke 18,10-06-2023 01:47
KHO0215,SP145,461,Khu 1 - Ke 25,22-08-2024 13:32
KHO0216,SP298,335,Khu 6 - Ke 45,28-06-2025 09:30
KHO0217,SP261,404,Khu 6 - Ke 30,15-04-2025 07:50
KHO0218,SP027,15,Khu 8 - Ke 37,28-11-2023 16:26
KHO0219,SP086,60,Khu 4 - Ke 13,29-06-2024 02:52
KHO0220,SP217,99,Khu 2 - Ke 16,29-06-2023 01:52
KHO0221,SP140,32,Khu 7 - Ke 39,10-04-2023 03:49
KHO0222,SP266,5,Khu 2 - Ke 29,16-12-2023 11:26
KHO0223,SP194,381,Khu 5 - Ke 2,04-01-2024 12:19
KHO0224,SP117,340,Khu 10 - Ke 32,07-01-2023 23:13
KHO0225,SP241,306,Khu 9 - Ke 10,15-04-2023 19:44
KHO0226,SP161,298,Khu 10 - Ke 39,13-03-2024 10:09
KHO0227,SP247,288,Khu 9 - Ke 44,12-11-2024 03:36
KHO0228,SP170,10,Khu 5 - Ke 2,20-12-2023 13:37
KHO0229,SP159,165,Khu 2 - Ke 21,12-07-2025 22:55
KHO0230,SP204,50,Khu 9 - Ke 48,11-02-2023 17:32
KHO0231,SP220,333,Khu 7 - Ke 6,10-03-2024 05:09
KHO0232,SP124,468,Khu 7 - Ke 11,18-06-2025 15:18
KHO0233,SP020,434,Khu 2 - Ke 44,14-02-2023 00:59
KHO0234,SP188,412,Khu 6 - Ke 28,28-07-2025 01:57
KHO0235,SP208,165,Khu 3 - Ke 20,09-10-2023 12:16
KHO0236,SP239,470,Khu 7 - Ke 45,19-01-2025 21:03
KHO0237,SP298,123,Khu 4 - Ke 29,27-07-2025 14:21
KHO0238,SP062,86,Khu 2 - Ke 9,23-12-2024 11:23
KHO0239,SP052,19,Khu 9 - Ke 13,24-08-2023 17:18
KHO0240,SP002,133,Khu 7 - Ke 1,18-10-2023 08:47
KHO0241,SP136,141,Khu 5 - Ke 21,05-06-2023 18:02
KHO0242,SP057,342,Khu 2 - Ke 2,16-11-2024 07:31
KHO0243,SP097,54,Khu 4 - Ke 21,20-12-2024 19:19
KHO0244,SP213,146,Khu 4 - Ke 6,03-01-2023 10:49
KHO0245,SP296,486,Khu 5 - Ke 24,01-02-2025 16:13
KHO0246,SP106,194,Khu 10 - Ke 38,26-09-2025 08:57
KHO0247,SP048,431,Khu 7 - Ke 21,17-04-2025 13:58
KHO0248,SP226,489,Khu 2 - Ke 21,31-01-2024 09:51
KHO0249,SP205,370,Khu 8 - Ke 40,25-12-2025 12:49
KHO0250,SP135,316,Khu 9 - Ke 33,06-12-2024 11:40
KHO0251,SP188,377,Khu 2 - Ke 4,23-11-2025 11:59
KHO0252,SP210,197,Khu 8 - Ke 39,10-02-2023 16:02
KHO0253,SP250,33,Khu 7 - Ke 31,10-01-2024 16:34
KHO0254,SP124,49,Khu 7 - Ke 3,05-03-2023 04:16
KHO0255,SP112,379,Khu 9 - Ke 14,30-03-2023 19:01
KHO0256,SP276,433,Khu 6 - Ke 19,24-07-2024 06:07
KHO0257,SP270,480,Khu 4 - Ke 15,08-02-2023 03:04
KHO0258,SP063,439,Khu 8 - Ke 45,16-04-2024 00:26
KHO0259,SP106,63,Khu 4 - Ke 28,23-04-2023 01:16
KHO0260,SP090,21,Khu 4 - Ke 22,15-09-2023 23:51
KHO0261,SP228,115,Khu 1 - Ke 47,30-12-2023 17:02
KHO0262,SP144,310,Khu 10 - Ke 3,01-07-2023 00:55
KHO0263,SP184,314,Khu 7 - Ke 10,26-10-2023 04:00
KHO0264,SP196,454,Khu 4 - Ke 6,07-03-2025 04:34
KHO0265,SP024,263,Khu 10 - Ke 8,23-06-2024 17:03
KHO0266,SP096,54,Khu 8 - Ke 50,04-01-2024 07:47
KHO0267,SP206,267,Khu 6 - Ke 28,08-03-2025 20:39
KHO0268,SP138,79,Khu 2 - Ke 30,26-08-2025 10:23
KHO0269,SP021,241,Khu 5 - Ke 13,19-08-2025 02:36
KHO0270,SP097,233,Khu 4 - Ke 7,07-07-2024 09:52
KHO0271,SP133,395,Khu 6 - Ke 20,12-05-2025 06:13
KHO0272,SP099,374,Khu 5 - Ke 33,15-09-2025 11:27
KHO0273,SP187,172,Khu 4 - Ke 45,12-06-2024 00:42
KHO0274,SP034,404,Khu 5 - Ke 18,11-01-2024 17:48
KHO0275,SP284,147,Khu 3 - Ke 2,09-08-2023 02:12
KHO0276,SP293,170,Khu 3 - Ke 35,21-09-2024 01:48
KHO0277,SP113,71,Khu 1 - Ke 47,08-06-2023 16:33
KHO0278,SP269,486,Khu 6 - Ke 34,04-02-2025 11:50
KHO0279,SP098,2,Khu 1 - Ke 40,12-08-2024 00:37
KHO0280,SP295,69,Khu 7 - Ke 20,01-06-2024 04:57
KHO0281,SP038,496,Khu 4 - Ke 33,20-11-2024 23:07
KHO0282,SP192,414,Khu 3 - Ke 13,29-09-2025 08:25
KHO0283,SP228,490,Khu 3 - Ke 39,26-08-2025 11:28
KHO0284,SP228,367,Khu 3 - Ke 7,05-04-2024 00:46
KHO0285,SP134,103,Khu 8 - Ke 15,09-08-2024 12:01
KHO0286,SP183,209,Khu 4 - Ke 1,09-11-2023 18:36
KHO0287,SP216,304,Khu 5 - Ke 9,18-08-2025 10:03
KHO0288,SP222,299,Khu 1 - Ke 44,02-09-2023 03:09
KHO0289,SP119,319,Khu 5 - Ke 20,29-09-2023 12:26
KHO0290,SP220,459,Khu 1 - Ke 38,05-05-2023 15:14
KHO0291,SP069,417,Khu 7 - Ke 39,20-01-2025 20:51
KHO0292,SP139,366,Khu 9 - Ke 2,02-08-2023 01:39
KHO0293,SP289,269,Khu 9 - Ke 38,27-05-2025 12:43
KHO0294,SP111,51,Khu 9 - Ke 39,24-05-2025 19:44
KHO0295,SP271,82,Khu 3 - Ke 47,05-01-2023 20:36
KHO0296,SP092,59,Khu 10 - Ke 39,23-02-2024 15:08
KHO0297,SP207,364,Khu 7 - Ke 48,05-02-2023 15:57
KHO0298,SP141,305,Khu 9 - Ke 1,24-11-2025 14:53
KHO0299,SP210,339,Khu 2 - Ke 22,12-01-2023 18:56
KHO0300,SP002,26,Khu 5 - Ke 49,03-12-2023 16:11
KHO0301,SP007,351,Khu 10 - Ke 22,17-09-2025 06:45
KHO0302,SP229,482,Khu 10 - Ke 30,15-08-2025 17:51
KHO0303,SP111,467,Khu 6 - Ke 50,01-09-2025 02:53
KHO0304,SP254,130,Khu 1 - Ke 37,02-04-2025 02:48
KHO0305,SP037,307,Khu 10 - Ke 44,20-03-2023 03:57
KHO0306,SP199,307,Khu 9 - Ke 50,12-08-2023 22:25
KHO0307,SP098,134,Khu 10 - Ke 13,06-04-2024 18:12
KHO0308,SP189,21,Khu 4 - Ke 31,26-09-2025 22:25
KHO0309,SP040,438,Khu 6 - Ke 31,05-08-2023 04:06
KHO0310,SP195,233,Khu 6 - Ke 32,18-06-2024 17:01
KHO0311,SP198,223,Khu 2 - Ke 38,02-02-2023 15:25
KHO0312,SP202,242,Khu 8 - Ke 45,14-12-2025 11:04
KHO0313,SP255,415,Khu 10 - Ke 10,05-01-2024 14:40
KHO0314,SP121,295,Khu 9 - Ke 5,11-01-2023 22:48
KHO0315,SP114,94,Khu 10 - Ke 30,15-07-2023 07:24
KHO0316,SP229,487,Khu 4 - Ke 14,30-09-2025 15:58
KHO0317,SP200,31,Khu 2 - Ke 50,03-04-2025 15:04
KHO0318,SP184,398,Khu 6 - Ke 19,01-02-2024 08:07
KHO0319,SP114,301,Khu 7 - Ke 30,06-06-2025 20:09
KHO0320,SP055,349,Khu 4 - Ke 2,21-06-2023 02:15
KHO0321,SP162,452,Khu 10 - Ke 36,28-02-2024 17:06
KHO0322,SP078,13,Khu 8 - Ke 2,02-09-2023 03:59
KHO0323,SP153,447,Khu 2 - Ke 34,18-04-2023 17:47
KHO0324,SP086,331,Khu 3 - Ke 46,29-02-2024 17:18
KHO0325,SP245,60,Khu 5 - Ke 21,29-10-2024 20:45
KHO0326,SP076,243,Khu 2 - Ke 15,30-08-2023 10:39
KHO0327,SP075,51,Khu 3 - Ke 31,10-07-2025 07:28
KHO0328,SP111,406,Khu 5 - Ke 39,12-03-2023 11:53
KHO0329,SP017,457,Khu 7 - Ke 1,23-12-2025 16:08
KHO0330,SP117,239,Khu 4 - Ke 19,15-11-2024 14:08
KHO0331,SP154,437,Khu 1 - Ke 44,25-03-2024 02:43
KHO0332,SP129,133,Khu 3 - Ke 25,04-09-2024 20:29
KHO0333,SP191,157,Khu 7 - Ke 7,23-03-2025 03:13
KHO0334,SP099,149,Khu 7 - Ke 33,17-12-2025 08:49
KHO0335,SP108,386,Khu 9 - Ke 22,01-05-2023 03:05
KHO0336,SP232,199,Khu 6 - Ke 27,08-01-2025 07:25
KHO0337,SP177,212,Khu 4 - Ke 39,17-01-2023 22:59
KHO0338,SP281,154,Khu 6 - Ke 44,28-09-2023 22:38
KHO0339,SP118,168,Khu 6 - Ke 13,08-10-2025 16:25
KHO0340,SP183,326,Khu 1 - Ke 16,29-01-2023 14:58
KHO0341,SP150,387,Khu 1 - Ke 13,26-01-2025 09:46
KHO0342,SP006,196,Khu 8 - Ke 41,16-06-2023 16:38
KHO0343,SP076,399,Khu 8 - Ke 6,22-01-2025 19:56
KHO0344,SP177,457,Khu 6 - Ke 38,27-08-2023 09:40
KHO0345,SP019,214,Khu 5 - Ke 19,05-02-2025 12:23
KHO0346,SP020,307,Khu 2 - Ke 17,09-07-2024 17:50
KHO0347,SP224,377,Khu 1 - Ke 33,22-04-2023 14:37
KHO0348,SP266,409,Khu 7 - Ke 39,22-10-2025 11:45
KHO0349,SP097,478,Khu 10 - Ke 26,16-03-2025 04:30
KHO0350,SP139,140,Khu 2 - Ke 24,14-04-2024 01:28
KHO0351,SP009,23,Khu 10 - Ke 3,23-09-2023 14:55
KHO0352,SP233,29,Khu 1 - Ke 30,21-02-2025 11:17
KHO0353,SP252,105,Khu 6 - Ke 23,17-04-2025 01:14
KHO0354,SP184,437,Khu 3 - Ke 46,16-10-2025 12:21
KHO0355,SP123,93,Khu 3 - Ke 15,25-09-2025 22:01
KHO0356,SP034,211,Khu 1 - Ke 8,01-10-2023 22:08
KHO0357,SP282,28,Khu 3 - Ke 34,03-03-2024 17:30
KHO0358,SP112,143,Khu 8 - Ke 4,01-06-2024 14:14
KHO0359,SP088,129,Khu 6 - Ke 26,28-08-2025 01:52
KHO0360,SP060,124,Khu 4 - Ke 15,19-01-2025 15:36
KHO0361,SP070,41,Khu 10 - Ke 12,16-06-2025 22:47
KHO0362,SP003,115,Khu 8 - Ke 39,23-05-2023 10:26
KHO0363,SP240,28,Khu 9 - Ke 1,17-09-2025 15:43
KHO0364,SP295,123,Khu 8 - Ke 17,13-05-2024 08:53
KHO0365,SP141,499,Khu 2 - Ke 15,11-02-2025 23:25
KHO0366,SP213,167,Khu 5 - Ke 39,24-10-2024 13:46
KHO0367,SP241,59,Khu 1 - Ke 37,04-11-2023 10:16
KHO0368,SP127,461,Khu 10 - Ke 13,13-12-2023 18:50
KHO0369,SP250,318,Khu 1 - Ke 25,08-12-2025 10:23
KHO0370,SP025,113,Khu 8 - Ke 31,07-05-2025 11:32
KHO0371,SP217,441,Khu 2 - Ke 21,22-10-2025 15:30
KHO0372,SP218,371,Khu 4 - Ke 40,08-12-2024 22:43
KHO0373,SP185,386,Khu 4 - Ke 26,14-01-2025 06:27
KHO0374,SP067,250,Khu 8 - Ke 11,22-10-2024 02:08
KHO0375,SP046,9,Khu 10 - Ke 33,13-07-2025 21:48
KHO0376,SP279,378,Khu 4 - Ke 33,10-10-2024 15:13
KHO0377,SP277,489,Khu 9 - Ke 38,24-06-2024 04:41
KHO0378,SP196,48,Khu 9 - Ke 17,11-12-2023 17:56
KHO0379,SP128,152,Khu 3 - Ke 12,17-03-2025 05:59
KHO0380,SP102,109,Khu 3 - Ke 22,03-03-2024 18:08
KHO0381,SP146,16,Khu 7 - Ke 50,24-01-2023 21:45
KHO0382,SP160,494,Khu 1 - Ke 9,31-03-2025 10:43
KHO0383,SP185,26,Khu 2 - Ke 50,18-07-2024 13:56
KHO0384,SP119,59,Khu 8 - Ke 39,23-09-2025 05:30
KHO0385,SP056,423,Khu 3 - Ke 37,22-09-2025 22:26
KHO0386,SP063,95,Khu 7 - Ke 8,13-02-2024 00:32
KHO0387,SP143,2,Khu 5 - Ke 21,24-12-2023 22:21
KHO0388,SP106,272,Khu 5 - Ke 13,25-06-2023 17:57
KHO0389,SP048,114,Khu 1 - Ke 38,10-09-2025 12:43
KHO0390,SP183,339,Khu 10 - Ke 47,04-08-2024 19:15
KHO0391,SP011,363,Khu 3 - Ke 6,03-07-2023 22:24
KHO0392,SP103,280,Khu 10 - Ke 44,24-12-2024 17:59
KHO0393,SP250,194,Khu 2 - Ke 17,28-10-2024 00:24
KHO0394,SP007,430,Khu 1 - Ke 41,08-06-2025 02:32
KHO0395,SP020,83,Khu 5 - Ke 17,23-02-2025 17:53
KHO0396,SP038,417,Khu 7 - Ke 40,08-06-2023 19:47
KHO0397,SP198,147,Khu 1 - Ke 47,02-08-2025 23:33
KHO0398,SP153,151,Khu 3 - Ke 13,04-11-2024 12:04
KHO0399,SP091,434,Khu 4 - Ke 29,26-04-2025 07:17
KHO0400,SP064,57,Khu 6 - Ke 20,26-11-2023 19:28
KHO0401,SP143,354,Khu 2 - Ke 50,01-03-2025 20:31
KHO0402,SP039,334,Khu 4 - Ke 45,29-11-2025 21:59
KHO0403,SP137,245,Khu 6 - Ke 24,20-03-2025 02:56
KHO0404,SP109,31,Khu 9 - Ke 40,02-02-2023 19:12
KHO0405,SP003,489,Khu 4 - Ke 28,18-06-2025 14:05
KHO0406,SP217,492,Khu 1 - Ke 36,03-02-2024 09:25
KHO0407,SP206,421,Khu 5 - Ke 45,19-04-2024 02:26
KHO0408,SP093,138,Khu 6 - Ke 16,22-12-2023 23:56
KHO0409,SP245,238,Khu 10 - Ke 37,04-12-2023 04:04
KHO0410,SP149,262,Khu 8 - Ke 42,14-04-2024 13:04
KHO0411,SP002,106,Khu 7 - Ke 15,01-08-2023 22:46
KHO0412,SP030,382,Khu 1 - Ke 4,16-03-2024 03:37
KHO0413,SP098,462,Khu 7 - Ke 17,02-12-2023 01:33
KHO0414,SP164,132,Khu 8 - Ke 29,24-03-2024 19:46
KHO0415,SP248,269,Khu 2 - Ke 13,25-11-2025 02:33
KHO0416,SP077,472,Khu 1 - Ke 8,26-01-2025 17:57
KHO0417,SP290,322,Khu 9 - Ke 13,25-07-2025 00:07
KHO0418,SP225,145,Khu 6 - Ke 12,28-07-2024 06:30
KHO0419,SP157,132,Khu 3 - Ke 45,18-06-2024 06:07
KHO0420,SP219,481,Khu 3 - Ke 20,10-10-2024 00:03
KHO0421,SP291,397,Khu 7 - Ke 31,12-09-2023 21:07
KHO0422,SP086,315,Khu 4 - Ke 16,24-08-2024 19:47
KHO0423,SP225,318,Khu 4 - Ke 35,25-03-2025 20:30
KHO0424,SP199,229,Khu 4 - Ke 37,01-11-2025 06:33
KHO0425,SP093,453,Khu 10 - Ke 4,15-08-2024 13:56
KHO0426,SP216,16,Khu 10 - Ke 29,11-08-2024 22:06
KHO0427,SP191,419,Khu 8 - Ke 27,22-10-2024 06:21
KHO0428,SP126,8,Khu 1 - Ke 2,19-03-2023 11:07
KHO0429,SP138,87,Khu 8 - Ke 12,13-12-2023 04:06
KHO0430,SP082,98,Khu 4 - Ke 41,21-12-2024 19:49
KHO0431,SP196,345,Khu 2 - Ke 25,15-05-2023 12:06
KHO0432,SP177,196,Khu 4 - Ke 9,04-04-2024 07:38
KHO0433,SP124,13,Khu 9 - Ke 46,23-10-2025 09:55
KHO0434,SP037,402,Khu 8 - Ke 12,03-09-2023 10:15
KHO0435,SP023,157,Khu 3 - Ke 39,06-08-2024 14:27
KHO0436,SP140,333,Khu 7 - Ke 2,15-10-2025 23:08
KHO0437,SP108,266,Khu 9 - Ke 21,06-04-2023 03:51
KHO0438,SP233,125,Khu 1 - Ke 40,21-06-2023 01:20
KHO0439,SP266,355,Khu 8 - Ke 28,21-02-2024 00:37
KHO0440,SP090,371,Khu 5 - Ke 29,20-01-2023 17:31
KHO0441,SP113,310,Khu 7 - Ke 37,13-06-2025 04:29
KHO0442,SP233,268,Khu 7 - Ke 29,14-03-2023 17:33
KHO0443,SP272,189,Khu 6 - Ke 30,24-06-2023 05:50
KHO0444,SP085,484,Khu 3 - Ke 46,21-04-2025 17:33
KHO0445,SP129,22,Khu 10 - Ke 44,11-09-2025 20:08
KHO0446,SP189,52,Khu 5 - Ke 45,13-12-2025 07:46
KHO0447,SP265,213,Khu 6 - Ke 30,19-04-2025 22:41
KHO0448,SP049,268,Khu 1 - Ke 6,29-03-2024 20:20
KHO0449,SP299,409,Khu 6 - Ke 39,03-05-2023 22:45
KHO0450,SP006,16,Khu 4 - Ke 39,04-06-2025 10:57
KHO0451,SP129,241,Khu 1 - Ke 50,27-06-2023 19:16
KHO0452,SP174,113,Khu 8 - Ke 38,22-03-2025 05:07
KHO0453,SP180,432,Khu 1 - Ke 1,13-05-2025 22:08
KHO0454,SP218,82,Khu 6 - Ke 38,26-09-2025 20:53
KHO0455,SP014,176,Khu 3 - Ke 20,30-04-2024 06:10
KHO0456,SP235,19,Khu 10 - Ke 8,30-09-2025 06:23
KHO0457,SP130,268,Khu 2 - Ke 24,26-01-2024 22:33
KHO0458,SP143,258,Khu 1 - Ke 47,08-08-2024 14:28
KHO0459,SP175,316,Khu 4 - Ke 31,23-11-2023 08:48
KHO0460,SP096,111,Khu 8 - Ke 2,23-12-2025 02:24
KHO0461,SP002,205,Khu 2 - Ke 7,27-09-2025 09:43
KHO0462,SP175,48,Khu 6 - Ke 20,24-07-2023 00:12
KHO0463,SP182,298,Khu 8 - Ke 21,20-08-2023 00:15
KHO0464,SP174,12,Khu 5 - Ke 27,15-01-2023 18:27
KHO0465,SP118,115,Khu 5 - Ke 32,17-07-2024 11:00
KHO0466,SP063,229,Khu 6 - Ke 8,28-06-2024 23:00
KHO0467,SP293,55,Khu 6 - Ke 5,03-02-2024 03:30
KHO0468,SP041,128,Khu 10 - Ke 40,01-02-2024 20:06
KHO0469,SP167,192,Khu 5 - Ke 43,16-10-2024 12:25
KHO0470,SP181,42,Khu 5 - Ke 17,25-08-2025 14:10
KHO0471,SP112,446,Khu 6 - Ke 47,04-02-2024 03:46
KHO0472,SP092,5,Khu 3 - Ke 21,15-03-2023 09:29
KHO0473,SP255,127,Khu 4 - Ke 37,27-03-2024 12:07
KHO0474,SP018,483,Khu 5 - Ke 7,16-10-2025 09:22
KHO0475,SP032,199,Khu 4 - Ke 39,05-07-2023 20:25
KHO0476,SP274,221,Khu 4 - Ke 18,29-09-2024 06:47
KHO0477,SP045,379,Khu 7 - Ke 11,25-02-2024 20:32
KHO0478,SP199,20,Khu 4 - Ke 10,14-07-2023 04:18
KHO0479,SP072,290,Khu 2 - Ke 39,19-08-2025 02:08
KHO0480,SP071,221,Khu 5 - Ke 49,20-10-2025 11:47
KHO0481,SP222,45,Khu 5 - Ke 16,24-12-2025 08:27
KHO0482,SP153,91,Khu 7 - Ke 29,26-08-2023 20:18
KHO0483,SP101,289,Khu 4 - Ke 44,17-07-2023 05:27
KHO0484,SP187,84,Khu 9 - Ke 27,29-03-2023 16:06
KHO0485,SP185,283,Khu 7 - Ke 18,13-10-2024 16:30
KHO0486,SP120,62,Khu 1 - Ke 50,24-03-2023 08:11
KHO0487,SP230,64,Khu 5 - Ke 47,07-04-2025 01:16
KHO0488,SP090,294,Khu 5 - Ke 42,20-09-2024 10:49
KHO0489,SP249,117,Khu 7 - Ke 11,03-10-2025 18:15
KHO0490,SP226,309,Khu 1 - Ke 31,24-02-2025 13:26
KHO0491,SP108,25,Khu 3 - Ke 17,19-12-2025 02:01
KHO0492,SP186,208,Khu 1 - Ke 46,08-04-2025 18:51
KHO0493,SP169,190,Khu 9 - Ke 21,24-11-2023 16:09
KHO0494,SP169,71,Khu 2 - Ke 34,02-12-2025 04:48
KHO0495,SP102,317,Khu 9 - Ke 26,27-03-2024 09:40
KHO0496,SP287,142,Khu 8 - Ke 21,01-12-2024 03:08
KHO0497,SP099,153,Khu 2 - Ke 44,08-07-2023 00:34
KHO0498,SP145,143,Khu 2 - Ke 34,06-02-2025 20:42
KHO0499,SP165,70,Khu 9 - Ke 3,21-01-2023 17:50
KHO0500,SP083,431,Khu 5 - Ke 9,17-04-2023 15:36
KHO0501,SP179,299,Khu 7 - Ke 45,09-10-2024 22:59
KHO0502,SP118,306,Khu 2 - Ke 3,28-10-2023 01:15
KHO0503,SP102,477,Khu 8 - Ke 38,01-10-2024 01:44
KHO0504,SP136,322,Khu 2 - Ke 37,02-08-2024 20:23
KHO0505,SP070,302,Khu 3 - Ke 5,24-06-2023 00:28
KHO0506,SP006,428,Khu 8 - Ke 24,09-08-2024 21:27
KHO0507,SP043,434,Khu 8 - Ke 32,23-11-2025 03:06
KHO0508,SP145,188,Khu 5 - Ke 12,16-06-2025 11:15
KHO0509,SP223,331,Khu 4 - Ke 47,26-11-2024 16:29
KHO0510,SP001,434,Khu 1 - Ke 26,08-07-2024 01:00
KHO0511,SP217,186,Khu 7 - Ke 47,01-12-2025 10:36
KHO0512,SP117,212,Khu 10 - Ke 48,30-08-2025 13:41
KHO0513,SP230,20,Khu 5 - Ke 47,27-03-2024 04:25
KHO0514,SP251,379,Khu 8 - Ke 11,13-07-2025 12:19
KHO0515,SP180,453,Khu 5 - Ke 21,29-10-2025 10:32
KHO0516,SP146,123,Khu 2 - Ke 30,19-10-2025 11:58
KHO0517,SP222,303,Khu 1 - Ke 13,21-08-2023 16:33
KHO0518,SP007,139,Khu 3 - Ke 44,20-08-2024 10:58
KHO0519,SP049,116,Khu 9 - Ke 11,19-03-2024 22:31
KHO0520,SP064,388,Khu 1 - Ke 31,24-05-2025 00:44
KHO0521,SP266,378,Khu 1 - Ke 18,12-08-2024 04:57
KHO0522,SP013,441,Khu 4 - Ke 37,25-11-2025 13:34
KHO0523,SP205,463,Khu 5 - Ke 22,13-10-2023 18:30
KHO0524,SP290,208,Khu 5 - Ke 18,24-07-2024 04:38
KHO0525,SP272,393,Khu 2 - Ke 6,14-04-2024 08:00
KHO0526,SP016,16,Khu 5 - Ke 50,01-05-2025 23:28
KHO0527,SP074,65,Khu 5 - Ke 5,01-06-2025 05:08
KHO0528,SP028,267,Khu 7 - Ke 48,25-11-2025 08:00
KHO0529,SP044,201,Khu 10 - Ke 49,16-04-2025 04:57
KHO0530,SP271,448,Khu 10 - Ke 13,21-05-2024 14:48
KHO0531,SP074,483,Khu 3 - Ke 10,07-12-2025 04:41
KHO0532,SP283,383,Khu 4 - Ke 44,12-04-2025 23:39
KHO0533,SP203,7,Khu 6 - Ke 13,14-11-2024 00:54
KHO0534,SP048,336,Khu 7 - Ke 26,12-12-2023 19:49
KHO0535,SP059,76,Khu 2 - Ke 16,15-02-2023 10:38
KHO0536,SP167,92,Khu 3 - Ke 12,02-05-2025 01:22
KHO0537,SP206,478,Khu 8 - Ke 41,20-08-2023 18:20
KHO0538,SP076,147,Khu 9 - Ke 21,08-03-2024 13:08
KHO0539,SP269,201,Khu 2 - Ke 1,13-04-2023 17:21
KHO0540,SP255,464,Khu 2 - Ke 31,18-06-2023 06:39
KHO0541,SP038,442,Khu 9 - Ke 38,09-05-2025 13:50
KHO0542,SP256,229,Khu 5 - Ke 43,01-06-2024 23:50
KHO0543,SP121,181,Khu 5 - Ke 41,20-03-2023 09:09
KHO0544,SP239,403,Khu 9 - Ke 23,29-11-2024 20:15
KHO0545,SP234,70,Khu 6 - Ke 29,06-12-2025 08:20
KHO0546,SP106,122,Khu 1 - Ke 42,25-05-2024 13:27
KHO0547,SP202,493,Khu 7 - Ke 1,22-11-2025 00:34
KHO0548,SP253,192,Khu 7 - Ke 1,28-12-2023 05:11
KHO0549,SP067,312,Khu 10 - Ke 1,15-10-2023 01:38
KHO0550,SP089,253,Khu 2 - Ke 38,06-12-2024 09:47
KHO0551,SP057,269,Khu 8 - Ke 37,13-11-2023 17:36
KHO0552,SP146,72,Khu 2 - Ke 15,20-07-2024 03:36
KHO0553,SP090,290,Khu 6 - Ke 46,31-07-2025 04:37
KHO0554,SP065,35,Khu 4 - Ke 28,15-02-2025 12:02
KHO0555,SP261,445,Khu 3 - Ke 9,13-02-2023 03:26
KHO0556,SP125,33,Khu 9 - Ke 27,06-08-2023 03:10
KHO0557,SP067,293,Khu 9 - Ke 17,18-04-2025 07:53
KHO0558,SP136,377,Khu 2 - Ke 29,22-04-2024 21:17
KHO0559,SP093,149,Khu 7 - Ke 36,26-12-2025 01:33
KHO0560,SP063,2,Khu 9 - Ke 46,07-03-2023 22:45
KHO0561,SP151,164,Khu 5 - Ke 16,19-01-2024 23:30
KHO0562,SP283,1,Khu 4 - Ke 23,07-06-2024 11:48
KHO0563,SP239,63,Khu 6 - Ke 16,23-12-2023 13:38
KHO0564,SP047,416,Khu 3 - Ke 44,05-07-2025 17:15
KHO0565,SP091,74,Khu 8 - Ke 30,29-01-2024 19:34
KHO0566,SP183,356,Khu 8 - Ke 15,13-07-2023 19:04
KHO0567,SP298,140,Khu 10 - Ke 17,28-05-2023 02:50
KHO0568,SP131,492,Khu 4 - Ke 8,08-02-2024 21:42
KHO0569,SP221,318,Khu 1 - Ke 50,21-01-2023 18:12
KHO0570,SP261,202,Khu 5 - Ke 3,16-09-2024 14:31
KHO0571,SP162,95,Khu 10 - Ke 39,21-09-2023 05:00
KHO0572,SP042,444,Khu 6 - Ke 8,04-11-2024 11:05
KHO0573,SP156,322,Khu 4 - Ke 44,11-02-2025 10:14
KHO0574,SP034,325,Khu 10 - Ke 39,20-05-2023 17:01
KHO0575,SP034,119,Khu 3 - Ke 36,02-05-2024 15:14
KHO0576,SP175,366,Khu 10 - Ke 15,29-11-2023 02:07
KHO0577,SP095,135,Khu 1 - Ke 5,17-11-2023 12:22
KHO0578,SP134,264,Khu 10 - Ke 37,16-11-2025 17:28
KHO0579,SP083,491,Khu 7 - Ke 3,22-02-2023 01:30
KHO0580,SP039,423,Khu 6 - Ke 22,14-03-2025 08:38
KHO0581,SP263,232,Khu 3 - Ke 9,20-01-2024 12:44
KHO0582,SP036,14,Khu 9 - Ke 42,19-06-2024 22:39
KHO0583,SP256,466,Khu 3 - Ke 19,09-11-2024 01:00
KHO0584,SP229,434,Khu 2 - Ke 31,26-05-2024 09:08
KHO0585,SP067,491,Khu 9 - Ke 11,21-01-2025 03:22
KHO0586,SP134,65,Khu 8 - Ke 2,11-06-2024 18:46
KHO0587,SP068,496,Khu 5 - Ke 23,31-12-2023 02:31
KHO0588,SP175,170,Khu 4 - Ke 47,26-07-2025 03:40
KHO0589,SP037,230,Khu 7 - Ke 28,21-09-2024 12:30
KHO0590,SP291,362,Khu 7 - Ke 35,07-12-2025 03:32
KHO0591,SP093,419,Khu 4 - Ke 1,11-01-2024 18:16
KHO0592,SP283,417,Khu 6 - Ke 10,23-01-2024 00:17
KHO0593,SP226,364,Khu 4 - Ke 38,28-12-2023 11:44
KHO0594,SP228,434,Khu 6 - Ke 31,30-12-2025 13:54
KHO0595,SP286,491,Khu 6 - Ke 37,13-01-2025 10:58
KHO0596,SP078,49,Khu 4 - Ke 1,18-04-2024 18:23
KHO0597,SP107,44,Khu 10 - Ke 10,25-10-2025 03:49
KHO0598,SP081,39,Khu 6 - Ke 5,22-08-2025 15:01
KHO0599,SP231,401,Khu 4 - Ke 39,01-07-2023 20:35
KHO0600,SP076,279,Khu 10 - Ke 46,24-08-2024 07:41
KHO0601,SP125,420,Khu 9 - Ke 13,21-05-2025 00:38
KHO0602,SP107,493,Khu 9 - Ke 39,07-05-2024 10:16
KHO0603,SP214,62,Khu 3 - Ke 19,24-04-2024 04:49
KHO0604,SP244,386,Khu 10 - Ke 50,28-05-2025 21:45
KHO0605,SP280,425,Khu 2 - Ke 27,03-09-2023 03:47
KHO0606,SP169,264,Khu 2 - Ke 48,12-12-2023 21:02
KHO0607,SP234,241,Khu 2 - Ke 10,03-11-2023 13:12
KHO0608,SP240,18,Khu 6 - Ke 47,02-09-2025 14:46
KHO0609,SP056,283,Khu 1 - Ke 29,21-02-2024 14:44
KHO0610,SP228,299,Khu 3 - Ke 35,03-08-2023 03:51
KHO0611,SP149,375,Khu 8 - Ke 40,08-03-2023 01:16
KHO0612,SP008,316,Khu 10 - Ke 5,04-05-2025 02:24
KHO0613,SP009,166,Khu 8 - Ke 13,07-07-2025 13:59
KHO0614,SP273,48,Khu 9 - Ke 22,14-11-2025 06:12
KHO0615,SP031,266,Khu 4 - Ke 23,12-05-2025 13:16
KHO0616,SP042,307,Khu 7 - Ke 8,14-06-2024 16:15
KHO0617,SP116,151,Khu 9 - Ke 28,16-06-2023 06:29
KHO0618,SP286,47,Khu 3 - Ke 39,24-10-2024 09:33
KHO0619,SP027,265,Khu 9 - Ke 49,07-02-2023 14:21
KHO0620,SP286,43,Khu 6 - Ke 1,29-10-2025 03:24
KHO0621,SP051,354,Khu 6 - Ke 27,04-10-2025 07:35
KHO0622,SP229,290,Khu 8 - Ke 21,20-03-2024 20:51
KHO0623,SP194,243,Khu 10 - Ke 27,12-01-2024 06:02
KHO0624,SP161,260,Khu 6 - Ke 23,07-07-2023 02:40
KHO0625,SP084,494,Khu 1 - Ke 11,18-04-2025 12:29
KHO0626,SP280,68,Khu 10 - Ke 34,19-12-2024 20:07
KHO0627,SP129,416,Khu 3 - Ke 12,15-07-2024 22:21
KHO0628,SP011,87,Khu 6 - Ke 11,23-07-2024 13:21
KHO0629,SP256,150,Khu 5 - Ke 24,12-07-2023 02:24
KHO0630,SP183,188,Khu 6 - Ke 43,10-11-2023 11:34
KHO0631,SP283,217,Khu 9 - Ke 5,13-05-2025 22:09
KHO0632,SP268,408,Khu 1 - Ke 6,26-10-2025 19:21
KHO0633,SP142,86,Khu 4 - Ke 16,04-09-2025 05:12
KHO0634,SP029,410,Khu 8 - Ke 38,24-04-2023 00:58
KHO0635,SP019,115,Khu 4 - Ke 19,02-05-2024 10:19
KHO0636,SP213,422,Khu 6 - Ke 48,19-02-2023 22:42
KHO0637,SP043,260,Khu 1 - Ke 5,13-06-2023 14:06
KHO0638,SP296,57,Khu 2 - Ke 28,08-11-2023 03:27
KHO0639,SP189,402,Khu 10 - Ke 42,15-02-2024 10:06
KHO0640,SP165,13,Khu 4 - Ke 7,13-11-2023 05:26
KHO0641,SP004,343,Khu 5 - Ke 29,11-05-2023 04:35
KHO0642,SP066,270,Khu 4 - Ke 12,09-08-2024 03:09
KHO0643,SP008,226,Khu 1 - Ke 19,19-12-2024 02:48
KHO0644,SP091,8,Khu 4 - Ke 39,13-07-2024 18:17
KHO0645,SP266,19,Khu 10 - Ke 46,06-08-2023 09:32
KHO0646,SP019,75,Khu 5 - Ke 26,09-07-2024 07:56
KHO0647,SP053,423,Khu 6 - Ke 4,20-10-2023 15:17
KHO0648,SP063,71,Khu 7 - Ke 39,17-06-2023 13:57
KHO0649,SP256,229,Khu 3 - Ke 12,20-05-2024 15:36
KHO0650,SP030,380,Khu 1 - Ke 3,24-01-2024 11:45
KHO0651,SP298,283,Khu 2 - Ke 44,18-09-2025 03:40
KHO0652,SP104,99,Khu 10 - Ke 15,18-03-2024 21:49
KHO0653,SP221,487,Khu 1 - Ke 13,07-03-2024 18:22
KHO0654,SP224,378,Khu 9 - Ke 1,13-07-2025 05:54
KHO0655,SP079,141,Khu 1 - Ke 8,22-01-2024 10:31
KHO0656,SP121,66,Khu 7 - Ke 20,17-07-2023 17:34
KHO0657,SP192,102,Khu 1 - Ke 40,21-09-2023 07:51
KHO0658,SP042,385,Khu 5 - Ke 28,07-11-2024 09:07
KHO0659,SP171,261,Khu 7 - Ke 21,01-01-2024 15:26
KHO0660,SP157,446,Khu 7 - Ke 12,29-05-2025 14:02
KHO0661,SP019,177,Khu 10 - Ke 48,25-08-2025 19:20
KHO0662,SP223,459,Khu 6 - Ke 1,12-01-2025 20:28
KHO0663,SP066,320,Khu 6 - Ke 29,20-01-2025 08:45
KHO0664,SP286,403,Khu 7 - Ke 10,19-09-2024 06:19
KHO0665,SP242,456,Khu 5 - Ke 29,29-12-2023 22:44
KHO0666,SP189,274,Khu 1 - Ke 14,26-03-2023 02:40
KHO0667,SP071,151,Khu 4 - Ke 43,22-01-2023 01:16
KHO0668,SP174,375,Khu 3 - Ke 13,12-05-2025 11:29
KHO0669,SP073,35,Khu 2 - Ke 4,15-02-2025 02:16
KHO0670,SP024,323,Khu 7 - Ke 35,03-09-2023 22:53
KHO0671,SP042,55,Khu 4 - Ke 5,08-08-2025 19:47
KHO0672,SP025,188,Khu 2 - Ke 24,17-05-2023 00:48
KHO0673,SP041,379,Khu 7 - Ke 2,30-09-2023 00:03
KHO0674,SP152,480,Khu 4 - Ke 21,19-12-2023 23:22
KHO0675,SP295,64,Khu 7 - Ke 19,04-12-2024 11:27
KHO0676,SP167,128,Khu 2 - Ke 44,06-01-2024 03:19
KHO0677,SP119,326,Khu 1 - Ke 4,04-10-2024 13:42
KHO0678,SP232,458,Khu 6 - Ke 39,21-07-2025 14:31
KHO0679,SP206,289,Khu 2 - Ke 43,13-05-2024 09:21
KHO0680,SP224,133,Khu 4 - Ke 37,06-02-2024 16:42
KHO0681,SP266,338,Khu 4 - Ke 49,09-12-2023 09:48
KHO0682,SP220,107,Khu 9 - Ke 30,29-01-2024 16:16
KHO0683,SP246,219,Khu 2 - Ke 7,19-09-2024 03:10
KHO0684,SP082,396,Khu 7 - Ke 28,08-07-2023 10:05
KHO0685,SP034,311,Khu 5 - Ke 25,08-09-2023 03:41
KHO0686,SP050,218,Khu 9 - Ke 25,20-09-2023 10:44
KHO0687,SP127,377,Khu 8 - Ke 34,17-08-2023 17:49
KHO0688,SP001,306,Khu 6 - Ke 28,11-04-2025 16:17
KHO0689,SP067,491,Khu 10 - Ke 5,27-10-2024 06:27
KHO0690,SP117,486,Khu 6 - Ke 37,08-05-2024 05:09
KHO0691,SP227,88,Khu 8 - Ke 38,15-02-2025 05:32
KHO0692,SP171,404,Khu 3 - Ke 12,15-02-2025 06:42
KHO0693,SP117,291,Khu 2 - Ke 8,09-09-2023 04:42
KHO0694,SP246,360,Khu 3 - Ke 21,01-09-2023 05:30
KHO0695,SP031,57,Khu 2 - Ke 35,17-06-2025 00:29
KHO0696,SP277,421,Khu 9 - Ke 3,14-08-2023 10:29
KHO0697,SP284,66,Khu 3 - Ke 40,23-05-2025 00:05
KHO0698,SP048,385,Khu 7 - Ke 6,25-02-2024 01:22
KHO0699,SP020,224,Khu 3 - Ke 8,17-07-2024 10:14
KHO0700,SP014,313,Khu 2 - Ke 39,22-11-2023 23:47
KHO0701,SP055,275,Khu 8 - Ke 32,09-01-2025 22:14
KHO0702,SP285,379,Khu 5 - Ke 9,21-09-2023 13:42
KHO0703,SP156,385,Khu 4 - Ke 11,23-12-2025 21:47
KHO0704,SP237,486,Khu 1 - Ke 10,06-02-2024 04:11
KHO0705,SP242,253,Khu 1 - Ke 2,22-06-2025 03:19
KHO0706,SP269,424,Khu 5 - Ke 42,29-10-2025 05:53
KHO0707,SP095,57,Khu 5 - Ke 50,12-10-2023 22:07
KHO0708,SP283,382,Khu 1 - Ke 40,04-08-2025 07:42
KHO0709,SP175,300,Khu 8 - Ke 15,14-05-2024 02:22
KHO0710,SP108,466,Khu 8 - Ke 42,04-08-2025 19:32
KHO0711,SP128,283,Khu 5 - Ke 45,05-12-2023 08:48
KHO0712,SP125,64,Khu 3 - Ke 46,26-09-2025 04:39
KHO0713,SP251,407,Khu 7 - Ke 2,24-02-2024 09:10
KHO0714,SP242,436,Khu 1 - Ke 30,24-07-2023 07:15
KHO0715,SP255,231,Khu 9 - Ke 35,04-11-2023 12:22
KHO0716,SP167,323,Khu 3 - Ke 24,10-09-2023 06:16
KHO0717,SP129,291,Khu 6 - Ke 24,27-03-2024 18:41
KHO0718,SP031,485,Khu 1 - Ke 15,06-04-2024 23:06
KHO0719,SP190,149,Khu 1 - Ke 28,27-07-2024 00:52
KHO0720,SP173,293,Khu 6 - Ke 38,01-10-2025 06:01
KHO0721,SP165,75,Khu 1 - Ke 16,14-10-2023 01:40
KHO0722,SP246,154,Khu 8 - Ke 1,13-11-2025 12:17
KHO0723,SP287,279,Khu 5 - Ke 27,07-12-2023 21:38
KHO0724,SP225,290,Khu 1 - Ke 43,13-03-2025 01:11
KHO0725,SP138,72,Khu 2 - Ke 50,18-03-2023 05:32
KHO0726,SP269,61,Khu 3 - Ke 34,12-11-2024 00:40
KHO0727,SP104,89,Khu 2 - Ke 23,29-01-2023 09:33
KHO0728,SP044,235,Khu 10 - Ke 26,21-06-2025 07:45
KHO0729,SP017,341,Khu 7 - Ke 50,27-01-2025 07:29
KHO0730,SP125,373,Khu 8 - Ke 38,07-04-2025 03:04
KHO0731,SP260,437,Khu 4 - Ke 7,13-07-2023 20:52
KHO0732,SP269,437,Khu 1 - Ke 6,23-05-2024 12:03
KHO0733,SP266,397,Khu 7 - Ke 10,26-01-2025 11:58
KHO0734,SP251,354,Khu 9 - Ke 42,24-03-2023 10:44
KHO0735,SP029,387,Khu 8 - Ke 25,29-09-2024 07:15
KHO0736,SP254,52,Khu 4 - Ke 33,26-02-2024 18:12
KHO0737,SP247,454,Khu 6 - Ke 35,27-04-2025 21:42
KHO0738,SP225,7,Khu 7 - Ke 48,01-05-2023 11:26
KHO0739,SP261,222,Khu 5 - Ke 6,21-02-2024 03:24
KHO0740,SP183,404,Khu 7 - Ke 47,18-10-2024 21:28
KHO0741,SP013,43,Khu 2 - Ke 38,03-10-2023 18:43
KHO0742,SP260,74,Khu 4 - Ke 35,18-09-2025 00:42
KHO0743,SP002,210,Khu 8 - Ke 23,01-07-2023 13:56
KHO0744,SP059,198,Khu 3 - Ke 41,06-09-2023 04:19
KHO0745,SP021,37,Khu 1 - Ke 38,13-02-2025 04:07
KHO0746,SP255,37,Khu 5 - Ke 41,18-08-2024 18:30
KHO0747,SP242,442,Khu 2 - Ke 19,15-03-2023 11:59
KHO0748,SP064,169,Khu 6 - Ke 13,13-08-2024 23:54
KHO0749,SP090,91,Khu 6 - Ke 13,25-02-2023 03:32
KHO0750,SP211,400,Khu 5 - Ke 21,16-04-2023 14:59
KHO0751,SP144,31,Khu 1 - Ke 14,03-10-2023 07:42
KHO0752,SP234,433,Khu 2 - Ke 38,19-10-2024 20:57
KHO0753,SP037,353,Khu 6 - Ke 23,20-01-2023 14:19
KHO0754,SP077,168,Khu 7 - Ke 33,12-12-2024 03:57
KHO0755,SP177,480,Khu 1 - Ke 45,07-01-2025 13:46
KHO0756,SP272,328,Khu 4 - Ke 45,14-02-2025 16:51
KHO0757,SP001,234,Khu 8 - Ke 39,27-10-2024 16:33
KHO0758,SP163,290,Khu 2 - Ke 31,31-07-2023 02:28
KHO0759,SP207,318,Khu 7 - Ke 41,19-07-2023 03:43
KHO0760,SP270,405,Khu 3 - Ke 44,05-12-2023 07:41
KHO0761,SP091,275,Khu 6 - Ke 22,04-02-2023 02:44
KHO0762,SP054,56,Khu 7 - Ke 30,21-01-2024 01:35
KHO0763,SP084,297,Khu 6 - Ke 37,18-09-2025 18:11
KHO0764,SP287,485,Khu 2 - Ke 32,05-01-2023 02:05
KHO0765,SP035,283,Khu 7 - Ke 32,16-02-2025 14:45
KHO0766,SP159,404,Khu 5 - Ke 33,24-08-2023 05:00
KHO0767,SP106,76,Khu 5 - Ke 2,30-10-2024 15:42
KHO0768,SP064,4,Khu 5 - Ke 17,23-11-2024 08:20
KHO0769,SP296,53,Khu 7 - Ke 39,04-09-2023 12:01
KHO0770,SP280,417,Khu 5 - Ke 16,19-10-2024 22:49
KHO0771,SP198,19,Khu 1 - Ke 6,28-08-2024 10:20
KHO0772,SP022,368,Khu 6 - Ke 48,23-01-2024 04:38
KHO0773,SP087,179,Khu 3 - Ke 49,03-06-2025 13:24
KHO0774,SP145,163,Khu 5 - Ke 43,20-05-2025 19:14
KHO0775,SP146,220,Khu 3 - Ke 3,02-02-2024 17:42
KHO0776,SP075,414,Khu 10 - Ke 43,07-03-2024 03:23
KHO0777,SP193,226,Khu 1 - Ke 37,13-06-2024 05:24
KHO0778,SP020,53,Khu 8 - Ke 28,14-08-2025 09:46
KHO0779,SP123,47,Khu 8 - Ke 42,19-07-2024 21:44
KHO0780,SP004,205,Khu 8 - Ke 33,01-11-2023 20:40
KHO0781,SP026,284,Khu 3 - Ke 22,05-01-2025 09:21
KHO0782,SP240,42,Khu 2 - Ke 33,07-04-2025 21:36
KHO0783,SP188,472,Khu 9 - Ke 18,10-05-2025 00:01
KHO0784,SP186,193,Khu 2 - Ke 34,30-11-2024 03:59
KHO0785,SP096,35,Khu 10 - Ke 8,06-04-2024 07:02
KHO0786,SP277,119,Khu 9 - Ke 13,27-03-2025 11:20
KHO0787,SP251,344,Khu 6 - Ke 22,28-04-2024 21:59
KHO0788,SP160,236,Khu 4 - Ke 25,05-08-2025 21:15
KHO0789,SP189,417,Khu 1 - Ke 41,30-04-2024 23:05
KHO0790,SP278,11,Khu 7 - Ke 27,21-01-2023 03:40
KHO0791,SP236,217,Khu 3 - Ke 24,16-10-2025 09:48
KHO0792,SP135,16,Khu 1 - Ke 37,18-09-2025 11:09
KHO0793,SP163,192,Khu 6 - Ke 24,14-10-2024 18:14
KHO0794,SP240,191,Khu 8 - Ke 20,13-12-2024 23:03
KHO0795,SP056,230,Khu 6 - Ke 21,30-12-2023 00:13
KHO0796,SP076,226,Khu 5 - Ke 14,25-12-2025 11:56
KHO0797,SP256,159,Khu 6 - Ke 9,04-05-2024 19:19
KHO0798,SP035,128,Khu 8 - Ke 27,28-09-2023 17:36
KHO0799,SP047,217,Khu 3 - Ke 25,29-05-2025 23:49
KHO0800,SP132,273,Khu 2 - Ke 45,30-09-2024 21:28
KHO0801,SP095,221,Khu 8 - Ke 4,28-08-2024 18:46
KHO0802,SP098,392,Khu 4 - Ke 5,06-08-2023 11:34
KHO0803,SP268,430,Khu 5 - Ke 26,23-10-2024 09:15
KHO0804,SP135,67,Khu 1 - Ke 18,16-02-2024 08:13
KHO0805,SP196,169,Khu 5 - Ke 24,10-04-2023 12:43
KHO0806,SP136,454,Khu 10 - Ke 49,11-03-2024 04:26
KHO0807,SP059,496,Khu 1 - Ke 45,28-08-2025 17:09
KHO0808,SP243,199,Khu 6 - Ke 49,10-08-2025 00:03
KHO0809,SP156,465,Khu 4 - Ke 40,18-07-2024 15:23
KHO0810,SP166,143,Khu 6 - Ke 21,12-02-2025 01:25
KHO0811,SP020,201,Khu 9 - Ke 18,10-12-2025 07:15
KHO0812,SP096,136,Khu 6 - Ke 14,16-08-2024 20:56
KHO0813,SP079,313,Khu 8 - Ke 30,30-03-2024 10:27
KHO0814,SP088,53,Khu 8 - Ke 29,03-08-2025 12:40
KHO0815,SP105,426,Khu 10 - Ke 25,17-03-2024 21:23
KHO0816,SP280,359,Khu 4 - Ke 29,29-04-2025 22:32
KHO0817,SP237,152,Khu 3 - Ke 20,21-12-2023 14:29
KHO0818,SP122,196,Khu 2 - Ke 39,02-10-2025 22:36
KHO0819,SP228,25,Khu 8 - Ke 43,21-02-2025 04:54
KHO0820,SP136,319,Khu 9 - Ke 36,13-10-2025 13:32
KHO0821,SP128,104,Khu 4 - Ke 36,01-02-2025 05:32
KHO0822,SP110,162,Khu 1 - Ke 38,27-01-2023 03:05
KHO0823,SP178,265,Khu 2 - Ke 36,17-09-2023 09:35
KHO0824,SP184,255,Khu 5 - Ke 47,10-11-2023 14:03
KHO0825,SP136,312,Khu 1 - Ke 41,18-03-2025 15:02
KHO0826,SP238,296,Khu 1 - Ke 9,26-01-2025 16:47
KHO0827,SP219,303,Khu 6 - Ke 13,22-11-2023 13:22
KHO0828,SP277,57,Khu 10 - Ke 21,21-02-2025 10:34
KHO0829,SP218,379,Khu 5 - Ke 34,21-05-2024 15:41
KHO0830,SP204,185,Khu 9 - Ke 2,22-06-2025 06:18
KHO0831,SP148,253,Khu 1 - Ke 20,25-02-2025 14:26
KHO0832,SP094,218,Khu 10 - Ke 12,01-09-2023 23:40
KHO0833,SP149,229,Khu 3 - Ke 20,31-03-2024 00:10
KHO0834,SP060,246,Khu 1 - Ke 13,06-12-2023 16:03
KHO0835,SP087,318,Khu 1 - Ke 17,07-04-2025 04:08
KHO0836,SP265,325,Khu 7 - Ke 20,18-02-2025 17:30
KHO0837,SP118,260,Khu 4 - Ke 14,17-04-2025 08:34
KHO0838,SP293,169,Khu 3 - Ke 3,21-05-2025 21:50
KHO0839,SP275,38,Khu 4 - Ke 18,19-07-2023 01:26
KHO0840,SP196,95,Khu 5 - Ke 48,19-09-2024 09:54
KHO0841,SP165,438,Khu 5 - Ke 5,25-09-2023 01:14
KHO0842,SP184,411,Khu 7 - Ke 9,22-07-2024 13:57
KHO0843,SP132,347,Khu 9 - Ke 48,13-04-2025 07:13
KHO0844,SP180,178,Khu 7 - Ke 24,08-11-2024 15:29
KHO0845,SP089,214,Khu 7 - Ke 40,08-01-2023 08:10
KHO0846,SP122,50,Khu 9 - Ke 20,08-12-2024 10:30
KHO0847,SP205,46,Khu 9 - Ke 32,18-01-2024 23:35
KHO0848,SP272,473,Khu 5 - Ke 49,12-11-2025 11:44
KHO0849,SP235,153,Khu 3 - Ke 27,24-08-2023 19:36
KHO0850,SP286,311,Khu 5 - Ke 12,22-12-2023 06:44
KHO0851,SP187,416,Khu 8 - Ke 1,22-01-2024 19:34
KHO0852,SP247,287,Khu 3 - Ke 39,21-06-2023 01:37
KHO0853,SP098,492,Khu 4 - Ke 27,17-04-2023 12:32
KHO0854,SP207,27,Khu 4 - Ke 21,15-12-2024 21:24
KHO0855,SP124,246,Khu 3 - Ke 4,26-05-2024 16:06
KHO0856,SP198,201,Khu 6 - Ke 45,07-12-2024 00:10
KHO0857,SP074,246,Khu 8 - Ke 31,04-08-2023 01:56
KHO0858,SP066,453,Khu 5 - Ke 8,02-05-2023 19:31
KHO0859,SP265,364,Khu 7 - Ke 2,13-12-2023 05:37
KHO0860,SP093,397,Khu 6 - Ke 5,07-04-2025 07:16
KHO0861,SP227,495,Khu 3 - Ke 46,17-08-2025 15:16
KHO0862,SP213,250,Khu 3 - Ke 19,11-10-2024 06:54
KHO0863,SP289,281,Khu 10 - Ke 19,14-08-2025 19:41
KHO0864,SP159,228,Khu 8 - Ke 3,26-07-2025 11:15
KHO0865,SP140,159,Khu 4 - Ke 24,05-10-2024 08:45
KHO0866,SP136,246,Khu 10 - Ke 12,26-09-2025 21:00
KHO0867,SP080,290,Khu 7 - Ke 26,10-06-2023 08:03
KHO0868,SP041,151,Khu 3 - Ke 17,05-10-2023 15:28
KHO0869,SP266,465,Khu 9 - Ke 30,18-06-2025 02:23
KHO0870,SP271,63,Khu 10 - Ke 45,08-07-2023 09:45
KHO0871,SP105,458,Khu 7 - Ke 18,20-07-2023 01:50
KHO0872,SP019,80,Khu 9 - Ke 10,20-09-2023 23:26
KHO0873,SP232,149,Khu 1 - Ke 34,21-05-2023 09:30
KHO0874,SP054,163,Khu 6 - Ke 37,29-02-2024 09:13
KHO0875,SP116,368,Khu 7 - Ke 16,12-03-2024 02:16
KHO0876,SP299,278,Khu 7 - Ke 25,26-12-2024 12:42
KHO0877,SP289,495,Khu 5 - Ke 29,08-08-2024 06:53
KHO0878,SP111,300,Khu 6 - Ke 25,20-06-2025 08:09
KHO0879,SP091,62,Khu 10 - Ke 11,14-09-2023 06:28
KHO0880,SP236,219,Khu 2 - Ke 47,25-01-2025 20:02
KHO0881,SP148,248,Khu 5 - Ke 46,23-06-2023 22:07
KHO0882,SP256,148,Khu 4 - Ke 42,20-08-2023 15:28
KHO0883,SP152,232,Khu 10 - Ke 33,05-06-2023 10:06
KHO0884,SP249,453,Khu 2 - Ke 19,30-09-2023 07:31
KHO0885,SP015,183,Khu 7 - Ke 29,05-05-2023 11:40
KHO0886,SP295,473,Khu 3 - Ke 16,15-05-2023 16:31
KHO0887,SP150,86,Khu 8 - Ke 27,17-06-2025 12:31
KHO0888,SP033,195,Khu 1 - Ke 12,11-01-2024 07:42
KHO0889,SP157,493,Khu 6 - Ke 45,15-03-2024 16:15
KHO0890,SP063,206,Khu 7 - Ke 37,29-05-2025 18:28
KHO0891,SP180,249,Khu 8 - Ke 37,26-07-2024 17:22
KHO0892,SP095,202,Khu 3 - Ke 15,25-03-2025 04:24
KHO0893,SP199,207,Khu 8 - Ke 25,13-12-2024 23:25
KHO0894,SP109,96,Khu 2 - Ke 22,09-05-2025 22:11
KHO0895,SP244,376,Khu 4 - Ke 17,11-07-2023 06:42
KHO0896,SP141,168,Khu 6 - Ke 47,20-02-2023 00:07
KHO0897,SP031,33,Khu 1 - Ke 29,05-04-2023 12:28
KHO0898,SP185,276,Khu 9 - Ke 17,24-06-2024 19:11
KHO0899,SP242,158,Khu 8 - Ke 35,16-06-2025 12:13
KHO0900,SP216,61,Khu 9 - Ke 32,14-11-2023 13:28
KHO0901,SP037,278,Khu 5 - Ke 19,29-08-2025 13:42
KHO0902,SP039,216,Khu 1 - Ke 36,31-08-2023 15:44
KHO0903,SP085,58,Khu 7 - Ke 17,05-11-2024 19:26
KHO0904,SP175,249,Khu 1 - Ke 40,18-01-2023 02:10
KHO0905,SP280,57,Khu 10 - Ke 23,14-08-2025 04:59
KHO0906,SP207,135,Khu 1 - Ke 26,11-03-2025 11:57
KHO0907,SP104,338,Khu 6 - Ke 23,02-11-2023 16:11
KHO0908,SP091,67,Khu 8 - Ke 37,01-09-2024 10:18
KHO0909,SP213,240,Khu 1 - Ke 29,25-04-2023 18:49
KHO0910,SP126,115,Khu 3 - Ke 40,30-04-2025 19:07
KHO0911,SP016,169,Khu 1 - Ke 44,31-10-2025 17:52
KHO0912,SP203,94,Khu 2 - Ke 2,03-12-2023 19:27
KHO0913,SP018,341,Khu 2 - Ke 34,20-04-2023 02:50
KHO0914,SP095,82,Khu 5 - Ke 9,18-08-2024 19:45
KHO0915,SP154,414,Khu 8 - Ke 34,09-02-2023 12:29
KHO0916,SP176,107,Khu 8 - Ke 27,11-07-2024 07:22
KHO0917,SP114,158,Khu 6 - Ke 19,28-11-2024 16:29
KHO0918,SP210,1,Khu 9 - Ke 1,15-07-2024 21:43
KHO0919,SP218,60,Khu 7 - Ke 28,31-05-2023 11:21
KHO0920,SP026,398,Khu 4 - Ke 31,10-08-2023 01:13
KHO0921,SP185,252,Khu 8 - Ke 1,26-08-2025 08:38
KHO0922,SP111,191,Khu 2 - Ke 15,28-05-2025 23:16
KHO0923,SP094,82,Khu 8 - Ke 8,22-05-2025 22:39
KHO0924,SP043,404,Khu 4 - Ke 40,22-07-2025 00:41
KHO0925,SP013,489,Khu 9 - Ke 8,30-05-2023 10:32
KHO0926,SP260,126,Khu 9 - Ke 34,25-04-2023 21:24
KHO0927,SP273,403,Khu 6 - Ke 15,09-09-2023 13:14
KHO0928,SP284,208,Khu 4 - Ke 21,17-12-2024 04:28
KHO0929,SP072,27,Khu 10 - Ke 4,08-01-2024 22:38
KHO0930,SP175,315,Khu 8 - Ke 46,07-08-2025 21:05
KHO0931,SP186,456,Khu 5 - Ke 10,09-04-2024 10:26
KHO0932,SP005,418,Khu 1 - Ke 17,15-04-2023 10:30
KHO0933,SP240,451,Khu 4 - Ke 8,24-02-2024 11:38
KHO0934,SP078,149,Khu 2 - Ke 25,06-07-2025 02:01
KHO0935,SP038,318,Khu 2 - Ke 11,22-03-2025 20:33
KHO0936,SP196,24,Khu 2 - Ke 22,08-10-2024 12:51
KHO0937,SP041,315,Khu 2 - Ke 50,17-08-2023 16:18
KHO0938,SP009,415,Khu 7 - Ke 40,20-03-2023 14:37
KHO0939,SP139,473,Khu 10 - Ke 24,13-02-2023 12:12
KHO0940,SP170,303,Khu 9 - Ke 30,15-11-2023 18:48
KHO0941,SP156,313,Khu 3 - Ke 32,03-01-2025 03:13
KHO0942,SP157,398,Khu 1 - Ke 8,22-08-2024 03:34
KHO0943,SP207,157,Khu 8 - Ke 10,28-11-2023 09:30
KHO0944,SP151,410,Khu 4 - Ke 30,06-06-2025 23:48
KHO0945,SP045,57,Khu 3 - Ke 2,29-06-2024 17:05
KHO0946,SP002,155,Khu 8 - Ke 29,10-02-2025 01:51
KHO0947,SP134,214,Khu 1 - Ke 45,17-04-2025 05:54
KHO0948,SP053,260,Khu 5 - Ke 33,17-06-2025 05:18
KHO0949,SP041,461,Khu 1 - Ke 22,19-12-2025 12:05
KHO0950,SP101,490,Khu 7 - Ke 27,13-07-2024 14:27
KHO0951,SP290,482,Khu 8 - Ke 13,08-04-2024 09:11
KHO0952,SP032,350,Khu 3 - Ke 22,05-11-2025 02:43
KHO0953,SP154,196,Khu 7 - Ke 10,28-04-2025 23:13
KHO0954,SP034,54,Khu 3 - Ke 10,11-04-2024 12:04
KHO0955,SP068,47,Khu 3 - Ke 7,22-04-2024 16:34
KHO0956,SP291,407,Khu 1 - Ke 47,02-01-2024 09:38
KHO0957,SP297,420,Khu 6 - Ke 7,07-03-2024 00:20
KHO0958,SP241,8,Khu 6 - Ke 26,06-03-2023 14:59
KHO0959,SP298,317,Khu 1 - Ke 25,17-06-2025 17:08
KHO0960,SP168,238,Khu 8 - Ke 17,19-05-2024 07:04
KHO0961,SP245,434,Khu 4 - Ke 9,08-03-2023 00:25
KHO0962,SP254,278,Khu 7 - Ke 34,08-11-2025 18:26
KHO0963,SP061,154,Khu 6 - Ke 35,17-01-2024 10:45
KHO0964,SP100,53,Khu 4 - Ke 28,29-04-2025 12:47
KHO0965,SP171,221,Khu 7 - Ke 26,14-11-2025 14:06
KHO0966,SP285,154,Khu 8 - Ke 4,08-07-2025 02:25
KHO0967,SP204,389,Khu 2 - Ke 20,26-06-2023 17:32
KHO0968,SP238,275,Khu 7 - Ke 48,08-08-2023 08:21
KHO0969,SP069,408,Khu 1 - Ke 13,26-10-2025 15:56
KHO0970,SP171,489,Khu 4 - Ke 32,20-05-2024 02:41
KHO0971,SP126,78,Khu 3 - Ke 35,06-10-2024 07:03
KHO0972,SP229,383,Khu 1 - Ke 35,14-12-2023 06:56
KHO0973,SP104,489,Khu 10 - Ke 19,20-11-2023 18:43
KHO0974,SP284,148,Khu 6 - Ke 2,02-12-2023 10:02
KHO0975,SP283,126,Khu 9 - Ke 39,10-06-2025 08:36
KHO0976,SP287,271,Khu 9 - Ke 50,03-07-2025 11:11
KHO0977,SP109,323,Khu 6 - Ke 22,29-03-2023 09:30
KHO0978,SP230,361,Khu 1 - Ke 4,28-11-2025 03:46
KHO0979,SP014,29,Khu 5 - Ke 34,29-02-2024 02:00
KHO0980,SP258,349,Khu 6 - Ke 32,11-09-2024 07:08
KHO0981,SP012,271,Khu 7 - Ke 26,25-06-2025 22:59
KHO0982,SP061,119,Khu 2 - Ke 38,16-08-2023 10:35
KHO0983,SP026,103,Khu 5 - Ke 27,06-04-2023 07:23
KHO0984,SP002,272,Khu 1 - Ke 40,18-07-2024 12:29
KHO0985,SP108,18,Khu 6 - Ke 14,28-11-2024 11:12
KHO0986,SP215,464,Khu 6 - Ke 8,28-10-2024 17:52
KHO0987,SP083,12,Khu 7 - Ke 9,19-07-2025 03:09
KHO0988,SP290,456,Khu 4 - Ke 9,14-10-2025 10:33
KHO0989,SP123,17,Khu 7 - Ke 5,14-11-2024 03:49
KHO0990,SP008,130,Khu 2 - Ke 21,16-10-2025 02:53
KHO0991,SP222,430,Khu 8 - Ke 45,31-05-2024 03:01
KHO0992,SP089,209,Khu 10 - Ke 48,30-09-2023 07:17
KHO0993,SP066,280,Khu 4 - Ke 48,02-10-2025 21:39
KHO0994,SP017,425,Khu 9 - Ke 10,11-02-2023 02:16
KHO0995,SP096,489,Khu 4 - Ke 6,03-09-2023 18:41
KHO0996,SP114,414,Khu 2 - Ke 12,29-01-2025 04:31
KHO0997,SP179,70,Khu 10 - Ke 48,17-09-2024 03:47
KHO0998,SP102,368,Khu 4 - Ke 6,30-12-2024 05:36
KHO0999,SP013,79,Khu 5 - Ke 8,06-11-2025 07:04
KHO1000,SP113,437,Khu 4 - Ke 2,11-12-2024 14:27
