"MAKHO","MASANPHAM","SOLUONG","VITRI","NGAYCAPNHAT"
"KHO0001","SP144",245,"Khu 5 - Ke 2",27-DEC-24 04.38.00.000000000 AM
"KHO0002","SP039",42,"Khu 10 - Ke 17",13-AUG-25 03.17.00.000000000 AM
"KHO0003","SP164",376,"Khu 9 - Ke 17",25-APR-23 12.22.00.000000000 AM
"KHO0004","SP005",177,"Khu 8 - Ke 38",25-SEP-23 04.56.00.000000000 AM
"KHO0005","SP032",295,"Khu 10 - Ke 7",05-APR-25 10.29.00.000000000 PM
"KHO0006","SP164",316,"Khu 1 - Ke 16",24-NOV-24 04.57.00.000000000 AM
"KHO0007","SP009",436,"Khu 5 - Ke 29",03-AUG-24 01.01.00.000000000 PM
"KHO0008","SP153",457,"Khu 4 - Ke 33",15-MAR-23 09.47.00.000000000 PM
"KHO0009","SP006",285,"Khu 2 - Ke 15",08-APR-23 04.19.00.000000000 AM
"KHO0010","SP023",490,"Khu 8 - Ke 49",27-FEB-25 02.20.00.000000000 AM
"KHO0011","SP267",135,"Khu 7 - Ke 40",30-MAR-25 10.34.00.000000000 PM
"KHO0012","SP291",325,"Khu 8 - Ke 29",31-MAY-24 11.42.00.000000000 PM
"KHO0013","SP259",375,"Khu 9 - Ke 33",23-JUL-24 08.41.00.000000000 PM
"KHO0014","SP198",93,"Khu 5 - Ke 3",27-OCT-25 07.13.00.000000000 AM
"KHO0015","SP117",69,"Khu 2 - Ke 31",04-AUG-23 06.35.00.000000000 PM
"KHO0016","SP112",25,"Khu 1 - Ke 4",30-SEP-23 07.32.00.000000000 PM
"KHO0017","SP110",339,"Khu 3 - Ke 10",31-MAY-23 01.49.00.000000000 PM
"KHO0018","SP098",387,"Khu 7 - Ke 4",05-JUL-25 06.53.00.000000000 AM
"KHO0019","SP100",69,"Khu 2 - Ke 19",05-JUL-23 06.07.00.000000000 PM
"KHO0020","SP002",24,"Khu 2 - Ke 37",07-MAR-24 10.29.00.000000000 PM
"KHO0021","SP031",149,"Khu 4 - Ke 25",26-FEB-25 07.39.00.000000000 AM
"KHO0022","SP249",184,"Khu 5 - Ke 17",04-JAN-24 11.10.00.000000000 PM
"KHO0023","SP267",491,"Khu 10 - Ke 2",28-JAN-23 03.37.00.000000000 PM
"KHO0024","SP150",447,"Khu 4 - Ke 29",12-AUG-23 06.01.00.000000000 PM
"KHO0025","SP158",173,"Khu 2 - Ke 19",15-MAY-24 07.00.00.000000000 PM
"KHO0026","SP107",33,"Khu 10 - Ke 22",14-JUL-25 02.41.00.000000000 AM
"KHO0027","SP260",302,"Khu 7 - Ke 3",16-FEB-24 11.50.00.000000000 AM
"KHO0028","SP235",124,"Khu 1 - Ke 8",31-MAY-25 10.24.00.000000000 AM
"KHO0029","SP164",358,"Khu 8 - Ke 40",18-DEC-25 09.06.00.000000000 PM
"KHO0030","SP073",159,"Khu 6 - Ke 9",17-DEC-25 10.59.00.000000000 PM
"KHO0031","SP095",357,"Khu 3 - Ke 10",14-JUN-25 10.23.00.000000000 AM
"KHO0032","SP057",91,"Khu 6 - Ke 31",19-SEP-25 04.49.00.000000000 AM
"KHO0033","SP140",106,"Khu 9 - Ke 45",16-NOV-23 10.02.00.000000000 AM
"KHO0034","SP136",353,"Khu 3 - Ke 20",15-APR-23 03.22.00.000000000 PM
"KHO0035","SP075",116,"Khu 4 - Ke 36",11-FEB-25 10.01.00.000000000 PM
"KHO0036","SP212",408,"Khu 6 - Ke 21",25-NOV-23 08.43.00.000000000 PM
"KHO0037","SP107",277,"Khu 5 - Ke 28",02-JAN-23 04.53.00.000000000 AM
"KHO0038","SP030",184,"Khu 10 - Ke 34",05-JUN-25 04.48.00.000000000 AM
"KHO0039","SP113",216,"Khu 1 - Ke 1",16-JAN-24 10.20.00.000000000 PM
"KHO0040","SP162",427,"Khu 10 - Ke 41",03-AUG-23 09.47.00.000000000 AM
"KHO0041","SP110",119,"Khu 8 - Ke 13",22-APR-23 04.07.00.000000000 AM
"KHO0042","SP083",30,"Khu 5 - Ke 44",10-JUN-24 01.17.00.000000000 AM
"KHO0043","SP167",415,"Khu 10 - Ke 13",07-MAY-24 03.15.00.000000000 AM
"KHO0044","SP087",246,"Khu 2 - Ke 21",15-DEC-25 11.46.00.000000000 PM
"KHO0045","SP137",221,"Khu 2 - Ke 39",18-FEB-24 03.42.00.000000000 PM
"KHO0046","SP115",88,"Khu 1 - Ke 8",10-JAN-25 11.14.00.000000000 PM
"KHO0047","SP072",381,"Khu 7 - Ke 8",23-DEC-25 05.43.00.000000000 AM
"KHO0048","SP197",206,"Khu 10 - Ke 41",14-OCT-25 07.47.00.000000000 PM
"KHO0049","SP106",296,"Khu 2 - Ke 17",27-DEC-25 06.16.00.000000000 AM
"KHO0050","SP102",58,"Khu 3 - Ke 10",12-OCT-25 01.03.00.000000000 PM
"KHO0051","SP097",330,"Khu 10 - Ke 23",05-AUG-23 03.36.00.000000000 AM
"KHO0052","SP238",219,"Khu 3 - Ke 41",15-JAN-25 06.24.00.000000000 AM
"KHO0053","SP177",306,"Khu 2 - Ke 14",14-JUL-23 04.47.00.000000000 PM
"KHO0054","SP107",371,"Khu 9 - Ke 27",09-JAN-24 05.56.00.000000000 PM
"KHO0055","SP124",204,"Khu 2 - Ke 21",30-MAY-24 09.52.00.000000000 PM
"KHO0056","SP128",343,"Khu 10 - Ke 15",03-NOV-24 10.13.00.000000000 AM
"KHO0057","SP086",140,"Khu 10 - Ke 40",08-AUG-23 05.58.00.000000000 AM
"KHO0058","SP277",491,"Khu 9 - Ke 4",09-NOV-23 10.48.00.000000000 AM
"KHO0059","SP196",297,"Khu 1 - Ke 31",05-DEC-24 04.34.00.000000000 PM
"KHO0060","SP004",114,"Khu 5 - Ke 12",24-NOV-24 11.45.00.000000000 PM
"KHO0061","SP257",224,"Khu 9 - Ke 31",17-JAN-25 09.32.00.000000000 PM
"KHO0062","SP172",484,"Khu 6 - Ke 43",08-AUG-24 07.00.00.000000000 AM
"KHO0063","SP209",18,"Khu 8 - Ke 50",18-MAY-24 02.06.00.000000000 PM
"KHO0064","SP096",271,"Khu 5 - Ke 27",16-JUL-23 04.51.00.000000000 PM
"KHO0065","SP196",491,"Khu 8 - Ke 13",10-JAN-24 05.30.00.000000000 PM
"KHO0066","SP010",299,"Khu 10 - Ke 13",18-SEP-23 03.51.00.000000000 PM
"KHO0067","SP244",6,"Khu 7 - Ke 35",03-APR-23 04.33.00.000000000 PM
"KHO0068","SP036",282,"Khu 2 - Ke 40",04-OCT-24 07.35.00.000000000 PM
"KHO0069","SP018",284,"Khu 6 - Ke 2",21-OCT-25 11.07.00.000000000 PM
"KHO0070","SP196",68,"Khu 5 - Ke 3",09-OCT-23 06.39.00.000000000 AM
"KHO0071","SP042",101,"Khu 1 - Ke 22",14-JUN-25 06.54.00.000000000 AM
"KHO0072","SP247",77,"Khu 6 - Ke 19",16-JUN-23 05.38.00.000000000 AM
"KHO0073","SP269",396,"Khu 7 - Ke 14",16-MAY-25 11.30.00.000000000 AM
"KHO0074","SP186",456,"Khu 7 - Ke 4",24-JUL-25 01.22.00.000000000 PM
"KHO0075","SP048",347,"Khu 7 - Ke 42",20-AUG-24 06.33.00.000000000 PM
"KHO0076","SP293",149,"Khu 3 - Ke 12",12-JAN-23 03.24.00.000000000 AM
"KHO0077","SP022",188,"Khu 10 - Ke 15",28-MAR-24 08.58.00.000000000 PM
"KHO0078","SP074",19,"Khu 3 - Ke 30",06-NOV-24 08.17.00.000000000 PM
"KHO0079","SP114",41,"Khu 6 - Ke 20",04-OCT-25 11.37.00.000000000 AM
"KHO0080","SP233",200,"Khu 7 - Ke 21",02-JUN-25 03.09.00.000000000 AM
"KHO0081","SP298",187,"Khu 9 - Ke 19",12-AUG-24 06.09.00.000000000 PM
"KHO0082","SP247",446,"Khu 10 - Ke 8",09-MAY-24 06.58.00.000000000 AM
"KHO0083","SP034",491,"Khu 4 - Ke 28",02-AUG-24 11.41.00.000000000 PM
"KHO0084","SP031",239,"Khu 2 - Ke 26",06-FEB-23 04.53.00.000000000 AM
"KHO0085","SP144",108,"Khu 10 - Ke 31",19-AUG-24 08.11.00.000000000 PM
"KHO0086","SP128",300,"Khu 9 - Ke 31",22-OCT-25 04.40.00.000000000 AM
"KHO0087","SP108",303,"Khu 1 - Ke 49",12-MAR-24 05.34.00.000000000 AM
"KHO0088","SP120",35,"Khu 9 - Ke 9",17-NOV-23 09.37.00.000000000 AM
"KHO0089","SP043",32,"Khu 3 - Ke 48",28-OCT-25 02.01.00.000000000 PM
"KHO0090","SP282",77,"Khu 6 - Ke 26",11-JAN-24 07.13.00.000000000 AM
"KHO0091","SP084",166,"Khu 6 - Ke 5",11-AUG-25 02.46.00.000000000 AM
"KHO0092","SP261",242,"Khu 10 - Ke 17",30-MAR-24 04.54.00.000000000 AM
"KHO0093","SP089",162,"Khu 1 - Ke 4",06-MAY-24 02.04.00.000000000 AM
"KHO0094","SP067",253,"Khu 9 - Ke 7",25-FEB-23 09.38.00.000000000 PM
"KHO0095","SP083",365,"Khu 1 - Ke 36",22-JUL-23 09.55.00.000000000 AM
"KHO0096","SP275",383,"Khu 10 - Ke 24",08-JAN-23 10.39.00.000000000 AM
"KHO0097","SP100",169,"Khu 10 - Ke 39",20-APR-23 01.51.00.000000000 AM
"KHO0098","SP001",192,"Khu 6 - Ke 43",10-JUN-24 09.24.00.000000000 AM
"KHO0099","SP283",488,"Khu 8 - Ke 38",23-APR-25 09.07.00.000000000 PM
"KHO0100","SP287",269,"Khu 2 - Ke 5",15-SEP-23 11.21.00.000000000 PM
"KHO0101","SP228",161,"Khu 7 - Ke 41",09-OCT-24 10.31.00.000000000 PM
"KHO0102","SP119",462,"Khu 8 - Ke 23",19-JUN-25 02.06.00.000000000 AM
"KHO0103","SP138",78,"Khu 7 - Ke 20",19-FEB-25 07.24.00.000000000 AM
"KHO0104","SP198",289,"Khu 6 - Ke 42",06-APR-25 01.14.00.000000000 PM
"KHO0105","SP018",176,"Khu 3 - Ke 16",15-JUN-23 08.19.00.000000000 AM
"KHO0106","SP123",257,"Khu 8 - Ke 46",04-NOV-24 05.15.00.000000000 AM
"KHO0107","SP285",442,"Khu 10 - Ke 44",01-JUL-25 10.20.00.000000000 PM
"KHO0108","SP292",215,"Khu 5 - Ke 5",17-JAN-25 10.00.00.000000000 AM
"KHO0109","SP280",232,"Khu 5 - Ke 48",09-AUG-25 02.47.00.000000000 AM
"KHO0110","SP019",312,"Khu 2 - Ke 20",23-JUN-23 04.14.00.000000000 PM
"KHO0111","SP239",179,"Khu 7 - Ke 22",15-NOV-25 12.38.00.000000000 AM
"KHO0112","SP290",113,"Khu 8 - Ke 28",02-APR-24 07.33.00.000000000 AM
"KHO0113","SP041",485,"Khu 9 - Ke 31",23-NOV-25 01.10.00.000000000 PM
"KHO0114","SP088",162,"Khu 3 - Ke 47",16-DEC-23 10.49.00.000000000 AM
"KHO0115","SP165",489,"Khu 8 - Ke 17",27-NOV-23 10.15.00.000000000 PM
"KHO0116","SP066",20,"Khu 5 - Ke 14",07-NOV-25 03.52.00.000000000 PM
"KHO0117","SP237",8,"Khu 10 - Ke 14",23-SEP-25 06.47.00.000000000 PM
"KHO0118","SP243",27,"Khu 4 - Ke 27",07-DEC-25 09.40.00.000000000 AM
"KHO0119","SP155",75,"Khu 9 - Ke 10",15-MAR-25 02.03.00.000000000 PM
"KHO0120","SP145",265,"Khu 8 - Ke 31",24-MAY-25 10.40.00.000000000 AM
"KHO0121","SP164",75,"Khu 2 - Ke 49",01-JAN-25 02.09.00.000000000 AM
"KHO0122","SP166",142,"Khu 6 - Ke 25",24-JUN-25 08.08.00.000000000 PM
"KHO0123","SP071",283,"Khu 8 - Ke 35",21-DEC-23 11.07.00.000000000 PM
"KHO0124","SP052",249,"Khu 4 - Ke 7",03-OCT-23 05.10.00.000000000 AM
"KHO0125","SP221",396,"Khu 7 - Ke 2",09-JAN-24 03.39.00.000000000 AM
"KHO0126","SP029",79,"Khu 2 - Ke 4",23-JUN-25 08.14.00.000000000 PM
"KHO0127","SP154",480,"Khu 5 - Ke 38",07-AUG-25 11.06.00.000000000 PM
"KHO0128","SP242",28,"Khu 7 - Ke 15",19-FEB-24 11.52.00.000000000 PM
"KHO0129","SP168",320,"Khu 7 - Ke 38",16-JUL-23 12.06.00.000000000 PM
"KHO0130","SP153",435,"Khu 9 - Ke 37",23-SEP-23 09.17.00.000000000 PM
"KHO0131","SP027",95,"Khu 6 - Ke 36",22-MAR-23 09.04.00.000000000 PM
"KHO0132","SP278",42,"Khu 2 - Ke 25",02-DEC-23 05.30.00.000000000 AM
"KHO0133","SP178",500,"Khu 6 - Ke 12",03-SEP-24 02.14.00.000000000 PM
"KHO0134","SP108",355,"Khu 9 - Ke 39",09-OCT-24 10.07.00.000000000 AM
"KHO0135","SP125",101,"Khu 4 - Ke 27",25-JUN-24 11.50.00.000000000 AM
"KHO0136","SP183",241,"Khu 10 - Ke 4",30-SEP-25 08.48.00.000000000 PM
"KHO0137","SP193",178,"Khu 1 - Ke 50",03-MAY-25 12.12.00.000000000 AM
"KHO0138","SP198",152,"Khu 1 - Ke 43",17-FEB-24 07.33.00.000000000 PM
"KHO0139","SP195",85,"Khu 2 - Ke 3",10-NOV-23 04.12.00.000000000 PM
"KHO0140","SP049",283,"Khu 4 - Ke 13",06-APR-24 07.54.00.000000000 PM
"KHO0141","SP094",113,"Khu 6 - Ke 42",25-MAR-25 02.27.00.000000000 PM
"KHO0142","SP213",245,"Khu 6 - Ke 6",15-SEP-24 09.02.00.000000000 AM
"KHO0143","SP056",464,"Khu 2 - Ke 35",22-SEP-25 02.07.00.000000000 AM
"KHO0144","SP220",174,"Khu 7 - Ke 50",22-SEP-24 07.05.00.000000000 PM
"KHO0145","SP053",352,"Khu 1 - Ke 41",25-NOV-23 05.07.00.000000000 PM
"KHO0146","SP168",264,"Khu 2 - Ke 19",03-AUG-24 04.34.00.000000000 PM
"KHO0147","SP166",86,"Khu 4 - Ke 25",23-APR-25 06.47.00.000000000 AM
"KHO0148","SP165",44,"Khu 4 - Ke 25",05-APR-24 07.38.00.000000000 AM
"KHO0149","SP196",380,"Khu 7 - Ke 12",23-MAR-23 02.11.00.000000000 AM
"KHO0150","SP244",231,"Khu 4 - Ke 47",12-SEP-25 02.26.00.000000000 PM
"KHO0151","SP258",152,"Khu 7 - Ke 11",01-SEP-24 03.13.00.000000000 AM
"KHO0152","SP183",126,"Khu 1 - Ke 18",26-MAR-24 11.54.00.000000000 AM
"KHO0153","SP071",165,"Khu 9 - Ke 8",12-APR-24 05.33.00.000000000 AM
"KHO0154","SP237",121,"Khu 3 - Ke 41",15-MAY-23 06.55.00.000000000 AM
"KHO0155","SP180",271,"Khu 1 - Ke 35",25-AUG-23 12.51.00.000000000 PM
"KHO0156","SP059",453,"Khu 8 - Ke 47",19-NOV-24 08.17.00.000000000 PM
"KHO0157","SP166",335,"Khu 7 - Ke 2",27-OCT-25 04.14.00.000000000 PM
"KHO0158","SP211",365,"Khu 3 - Ke 45",25-OCT-24 04.25.00.000000000 PM
"KHO0159","SP263",244,"Khu 10 - Ke 45",11-JUL-25 01.03.00.000000000 PM
"KHO0160","SP002",365,"Khu 6 - Ke 33",26-SEP-24 11.16.00.000000000 AM
"KHO0161","SP032",473,"Khu 7 - Ke 45",28-JUL-24 07.18.00.000000000 AM
"KHO0162","SP198",173,"Khu 3 - Ke 6",30-NOV-25 08.58.00.000000000 AM
"KHO0163","SP153",353,"Khu 6 - Ke 8",04-OCT-24 09.29.00.000000000 PM
"KHO0164","SP010",226,"Khu 10 - Ke 45",26-SEP-25 09.39.00.000000000 AM
"KHO0165","SP173",324,"Khu 2 - Ke 23",20-MAY-23 05.42.00.000000000 AM
"KHO0166","SP034",381,"Khu 4 - Ke 12",22-FEB-23 12.59.00.000000000 PM
"KHO0167","SP083",320,"Khu 3 - Ke 3",20-AUG-23 12.31.00.000000000 AM
"KHO0168","SP251",249,"Khu 5 - Ke 17",24-FEB-24 03.23.00.000000000 AM
"KHO0169","SP072",242,"Khu 2 - Ke 33",12-DEC-23 01.55.00.000000000 PM
"KHO0170","SP290",365,"Khu 2 - Ke 26",26-JAN-25 02.06.00.000000000 PM
"KHO0171","SP050",236,"Khu 9 - Ke 35",30-AUG-25 07.12.00.000000000 PM
"KHO0172","SP225",115,"Khu 4 - Ke 46",11-OCT-25 03.08.00.000000000 AM
"KHO0173","SP128",381,"Khu 6 - Ke 24",17-FEB-25 12.19.00.000000000 PM
"KHO0174","SP112",258,"Khu 5 - Ke 4",03-JUN-24 06.35.00.000000000 PM
"KHO0175","SP148",306,"Khu 2 - Ke 16",11-OCT-23 03.15.00.000000000 PM
"KHO0176","SP240",376,"Khu 9 - Ke 14",10-SEP-23 12.14.00.000000000 AM
"KHO0177","SP298",464,"Khu 1 - Ke 34",13-OCT-24 12.57.00.000000000 PM
"KHO0178","SP218",445,"Khu 7 - Ke 33",13-JUN-23 12.43.00.000000000 PM
"KHO0179","SP006",9,"Khu 9 - Ke 6",21-MAR-25 01.30.00.000000000 PM
"KHO0180","SP082",240,"Khu 7 - Ke 3",15-JAN-25 03.51.00.000000000 PM
"KHO0181","SP049",365,"Khu 7 - Ke 2",26-MAR-24 06.10.00.000000000 PM
"KHO0182","SP077",288,"Khu 3 - Ke 26",02-JAN-25 11.24.00.000000000 AM
"KHO0183","SP174",207,"Khu 9 - Ke 1",20-AUG-25 06.10.00.000000000 PM
"KHO0184","SP050",485,"Khu 4 - Ke 24",23-JAN-23 10.43.00.000000000 PM
"KHO0185","SP231",137,"Khu 9 - Ke 31",30-NOV-24 09.44.00.000000000 AM
"KHO0186","SP086",334,"Khu 8 - Ke 25",03-MAR-25 06.25.00.000000000 PM
"KHO0187","SP183",287,"Khu 8 - Ke 21",13-MAR-23 02.45.00.000000000 PM
"KHO0188","SP051",0,"Khu 5 - Ke 2",04-AUG-24 04.29.00.000000000 AM
"KHO0189","SP173",378,"Khu 3 - Ke 16",12-SEP-24 11.40.00.000000000 AM
"KHO0190","SP131",95,"Khu 2 - Ke 31",20-OCT-25 11.43.00.000000000 AM
"KHO0191","SP280",431,"Khu 5 - Ke 10",07-MAY-23 07.06.00.000000000 PM
"KHO0192","SP148",99,"Khu 2 - Ke 22",01-MAY-23 09.05.00.000000000 AM
"KHO0193","SP247",80,"Khu 3 - Ke 40",04-JAN-25 07.51.00.000000000 PM
"KHO0194","SP021",196,"Khu 8 - Ke 15",14-MAR-23 10.44.00.000000000 PM
"KHO0195","SP115",268,"Khu 9 - Ke 21",06-MAR-24 07.12.00.000000000 AM
"KHO0196","SP141",112,"Khu 8 - Ke 16",25-MAY-25 01.11.00.000000000 AM
"KHO0197","SP291",217,"Khu 8 - Ke 17",25-NOV-25 11.35.00.000000000 AM
"KHO0198","SP270",88,"Khu 9 - Ke 5",24-AUG-24 05.16.00.000000000 PM
"KHO0199","SP282",419,"Khu 3 - Ke 25",05-JUL-23 11.17.00.000000000 PM
"KHO0200","SP291",425,"Khu 5 - Ke 33",30-JUN-25 08.24.00.000000000 AM
"KHO0201","SP074",80,"Khu 1 - Ke 18",31-JAN-24 02.45.00.000000000 PM
"KHO0202","SP091",161,"Khu 2 - Ke 36",17-JUN-23 12.05.00.000000000 AM
"KHO0203","SP074",20,"Khu 4 - Ke 18",26-JUN-25 03.50.00.000000000 AM
"KHO0204","SP189",449,"Khu 4 - Ke 26",22-MAR-23 07.35.00.000000000 AM
"KHO0205","SP143",456,"Khu 10 - Ke 4",10-MAR-25 08.14.00.000000000 PM
"KHO0206","SP261",156,"Khu 6 - Ke 15",24-SEP-23 10.34.00.000000000 PM
"KHO0207","SP220",164,"Khu 3 - Ke 14",09-MAY-25 02.13.00.000000000 PM
"KHO0208","SP192",240,"Khu 7 - Ke 13",06-MAY-23 03.04.00.000000000 AM
"KHO0209","SP114",425,"Khu 2 - Ke 5",18-SEP-23 08.19.00.000000000 AM
"KHO0210","SP146",56,"Khu 6 - Ke 31",28-MAY-23 05.47.00.000000000 AM
"KHO0211","SP184",162,"Khu 4 - Ke 39",28-OCT-25 04.43.00.000000000 AM
"KHO0212","SP120",176,"Khu 10 - Ke 37",10-SEP-25 05.13.00.000000000 PM
"KHO0213","SP072",398,"Khu 6 - Ke 13",26-AUG-24 06.02.00.000000000 AM
"KHO0214","SP235",67,"Khu 1 - Ke 18",10-JUN-23 01.47.00.000000000 AM
"KHO0215","SP145",461,"Khu 1 - Ke 25",22-AUG-24 01.32.00.000000000 PM
"KHO0216","SP298",335,"Khu 6 - Ke 45",28-JUN-25 09.30.00.000000000 AM
"KHO0217","SP261",404,"Khu 6 - Ke 30",15-APR-25 07.50.00.000000000 AM
"KHO0218","SP027",15,"Khu 8 - Ke 37",28-NOV-23 04.26.00.000000000 PM
"KHO0219","SP086",60,"Khu 4 - Ke 13",29-JUN-24 02.52.00.000000000 AM
"KHO0220","SP217",99,"Khu 2 - Ke 16",29-JUN-23 01.52.00.000000000 AM
"KHO0221","SP140",32,"Khu 7 - Ke 39",10-APR-23 03.49.00.000000000 AM
"KHO0222","SP266",5,"Khu 2 - Ke 29",16-DEC-23 11.26.00.000000000 AM
"KHO0223","SP194",381,"Khu 5 - Ke 2",04-JAN-24 12.19.00.000000000 PM
"KHO0224","SP117",340,"Khu 10 - Ke 32",07-JAN-23 11.13.00.000000000 PM
"KHO0225","SP241",306,"Khu 9 - Ke 10",15-APR-23 07.44.00.000000000 PM
"KHO0226","SP161",298,"Khu 10 - Ke 39",13-MAR-24 10.09.00.000000000 AM
"KHO0227","SP247",288,"Khu 9 - Ke 44",12-NOV-24 03.36.00.000000000 AM
"KHO0228","SP170",10,"Khu 5 - Ke 2",20-DEC-23 01.37.00.000000000 PM
"KHO0229","SP159",165,"Khu 2 - Ke 21",12-JUL-25 10.55.00.000000000 PM
"KHO0230","SP204",50,"Khu 9 - Ke 48",11-FEB-23 05.32.00.000000000 PM
"KHO0231","SP220",333,"Khu 7 - Ke 6",10-MAR-24 05.09.00.000000000 AM
"KHO0232","SP124",468,"Khu 7 - Ke 11",18-JUN-25 03.18.00.000000000 PM
"KHO0233","SP020",434,"Khu 2 - Ke 44",14-FEB-23 12.59.00.000000000 AM
"KHO0234","SP188",412,"Khu 6 - Ke 28",28-JUL-25 01.57.00.000000000 AM
"KHO0235","SP208",165,"Khu 3 - Ke 20",09-OCT-23 12.16.00.000000000 PM
"KHO0236","SP239",470,"Khu 7 - Ke 45",19-JAN-25 09.03.00.000000000 PM
"KHO0237","SP298",123,"Khu 4 - Ke 29",27-JUL-25 02.21.00.000000000 PM
"KHO0238","SP062",86,"Khu 2 - Ke 9",23-DEC-24 11.23.00.000000000 AM
"KHO0239","SP052",19,"Khu 9 - Ke 13",24-AUG-23 05.18.00.000000000 PM
"KHO0240","SP002",133,"Khu 7 - Ke 1",18-OCT-23 08.47.00.000000000 AM
"KHO0241","SP136",141,"Khu 5 - Ke 21",05-JUN-23 06.02.00.000000000 PM
"KHO0242","SP057",342,"Khu 2 - Ke 2",16-NOV-24 07.31.00.000000000 AM
"KHO0243","SP097",54,"Khu 4 - Ke 21",20-DEC-24 07.19.00.000000000 PM
"KHO0244","SP213",146,"Khu 4 - Ke 6",03-JAN-23 10.49.00.000000000 AM
"KHO0245","SP296",486,"Khu 5 - Ke 24",01-FEB-25 04.13.00.000000000 PM
"KHO0246","SP106",194,"Khu 10 - Ke 38",26-SEP-25 08.57.00.000000000 AM
"KHO0247","SP048",431,"Khu 7 - Ke 21",17-APR-25 01.58.00.000000000 PM
"KHO0248","SP226",489,"Khu 2 - Ke 21",31-JAN-24 09.51.00.000000000 AM
"KHO0249","SP205",370,"Khu 8 - Ke 40",25-DEC-25 12.49.00.000000000 PM
"KHO0250","SP135",316,"Khu 9 - Ke 33",06-DEC-24 11.40.00.000000000 AM
"KHO0251","SP188",377,"Khu 2 - Ke 4",23-NOV-25 11.59.00.000000000 AM
"KHO0252","SP210",197,"Khu 8 - Ke 39",10-FEB-23 04.02.00.000000000 PM
"KHO0253","SP250",33,"Khu 7 - Ke 31",10-JAN-24 04.34.00.000000000 PM
"KHO0254","SP124",49,"Khu 7 - Ke 3",05-MAR-23 04.16.00.000000000 AM
"KHO0255","SP112",379,"Khu 9 - Ke 14",30-MAR-23 07.01.00.000000000 PM
"KHO0256","SP276",433,"Khu 6 - Ke 19",24-JUL-24 06.07.00.000000000 AM
"KHO0257","SP270",480,"Khu 4 - Ke 15",08-FEB-23 03.04.00.000000000 AM
"KHO0258","SP063",439,"Khu 8 - Ke 45",16-APR-24 12.26.00.000000000 AM
"KHO0259","SP106",63,"Khu 4 - Ke 28",23-APR-23 01.16.00.000000000 AM
"KHO0260","SP090",21,"Khu 4 - Ke 22",15-SEP-23 11.51.00.000000000 PM
"KHO0261","SP228",115,"Khu 1 - Ke 47",30-DEC-23 05.02.00.000000000 PM
"KHO0262","SP144",310,"Khu 10 - Ke 3",01-JUL-23 12.55.00.000000000 AM
"KHO0263","SP184",314,"Khu 7 - Ke 10",26-OCT-23 04.00.00.000000000 AM
"KHO0264","SP196",454,"Khu 4 - Ke 6",07-MAR-25 04.34.00.000000000 AM
"KHO0265","SP024",263,"Khu 10 - Ke 8",23-JUN-24 05.03.00.000000000 PM
"KHO0266","SP096",54,"Khu 8 - Ke 50",04-JAN-24 07.47.00.000000000 AM
"KHO0267","SP206",267,"Khu 6 - Ke 28",08-MAR-25 08.39.00.000000000 PM
"KHO0268","SP138",79,"Khu 2 - Ke 30",26-AUG-25 10.23.00.000000000 AM
"KHO0269","SP021",241,"Khu 5 - Ke 13",19-AUG-25 02.36.00.000000000 AM
"KHO0270","SP097",233,"Khu 4 - Ke 7",07-JUL-24 09.52.00.000000000 AM
"KHO0271","SP133",395,"Khu 6 - Ke 20",12-MAY-25 06.13.00.000000000 AM
"KHO0272","SP099",374,"Khu 5 - Ke 33",15-SEP-25 11.27.00.000000000 AM
"KHO0273","SP187",172,"Khu 4 - Ke 45",12-JUN-24 12.42.00.000000000 AM
"KHO0274","SP034",404,"Khu 5 - Ke 18",11-JAN-24 05.48.00.000000000 PM
"KHO0275","SP284",147,"Khu 3 - Ke 2",09-AUG-23 02.12.00.000000000 AM
"KHO0276","SP293",170,"Khu 3 - Ke 35",21-SEP-24 01.48.00.000000000 AM
"KHO0277","SP113",71,"Khu 1 - Ke 47",08-JUN-23 04.33.00.000000000 PM
"KHO0278","SP269",486,"Khu 6 - Ke 34",04-FEB-25 11.50.00.000000000 AM
"KHO0279","SP098",2,"Khu 1 - Ke 40",12-AUG-24 12.37.00.000000000 AM
"KHO0280","SP295",69,"Khu 7 - Ke 20",01-JUN-24 04.57.00.000000000 AM
"KHO0281","SP038",496,"Khu 4 - Ke 33",20-NOV-24 11.07.00.000000000 PM
"KHO0282","SP192",414,"Khu 3 - Ke 13",29-SEP-25 08.25.00.000000000 AM
"KHO0283","SP228",490,"Khu 3 - Ke 39",26-AUG-25 11.28.00.000000000 AM
"KHO0284","SP228",367,"Khu 3 - Ke 7",05-APR-24 12.46.00.000000000 AM
"KHO0285","SP134",103,"Khu 8 - Ke 15",09-AUG-24 12.01.00.000000000 PM
"KHO0286","SP183",209,"Khu 4 - Ke 1",09-NOV-23 06.36.00.000000000 PM
"KHO0287","SP216",304,"Khu 5 - Ke 9",18-AUG-25 10.03.00.000000000 AM
"KHO0288","SP222",299,"Khu 1 - Ke 44",02-SEP-23 03.09.00.000000000 AM
"KHO0289","SP119",319,"Khu 5 - Ke 20",29-SEP-23 12.26.00.000000000 PM
"KHO0290","SP220",459,"Khu 1 - Ke 38",05-MAY-23 03.14.00.000000000 PM
"KHO0291","SP069",417,"Khu 7 - Ke 39",20-JAN-25 08.51.00.000000000 PM
"KHO0292","SP139",366,"Khu 9 - Ke 2",02-AUG-23 01.39.00.000000000 AM
"KHO0293","SP289",269,"Khu 9 - Ke 38",27-MAY-25 12.43.00.000000000 PM
"KHO0294","SP111",51,"Khu 9 - Ke 39",24-MAY-25 07.44.00.000000000 PM
"KHO0295","SP271",82,"Khu 3 - Ke 47",05-JAN-23 08.36.00.000000000 PM
"KHO0296","SP092",59,"Khu 10 - Ke 39",23-FEB-24 03.08.00.000000000 PM
"KHO0297","SP207",364,"Khu 7 - Ke 48",05-FEB-23 03.57.00.000000000 PM
"KHO0298","SP141",305,"Khu 9 - Ke 1",24-NOV-25 02.53.00.000000000 PM
"KHO0299","SP210",339,"Khu 2 - Ke 22",12-JAN-23 06.56.00.000000000 PM
"KHO0300","SP002",26,"Khu 5 - Ke 49",03-DEC-23 04.11.00.000000000 PM
"KHO0301","SP007",351,"Khu 10 - Ke 22",17-SEP-25 06.45.00.000000000 AM
"KHO0302","SP229",482,"Khu 10 - Ke 30",15-AUG-25 05.51.00.000000000 PM
"KHO0303","SP111",467,"Khu 6 - Ke 50",01-SEP-25 02.53.00.000000000 AM
"KHO0304","SP254",130,"Khu 1 - Ke 37",02-APR-25 02.48.00.000000000 AM
"KHO0305","SP037",307,"Khu 10 - Ke 44",20-MAR-23 03.57.00.000000000 AM
"KHO0306","SP199",307,"Khu 9 - Ke 50",12-AUG-23 10.25.00.000000000 PM
"KHO0307","SP098",134,"Khu 10 - Ke 13",06-APR-24 06.12.00.000000000 PM
"KHO0308","SP189",21,"Khu 4 - Ke 31",26-SEP-25 10.25.00.000000000 PM
"KHO0309","SP040",438,"Khu 6 - Ke 31",05-AUG-23 04.06.00.000000000 AM
"KHO0310","SP195",233,"Khu 6 - Ke 32",18-JUN-24 05.01.00.000000000 PM
"KHO0311","SP198",223,"Khu 2 - Ke 38",02-FEB-23 03.25.00.000000000 PM
"KHO0312","SP202",242,"Khu 8 - Ke 45",14-DEC-25 11.04.00.000000000 AM
"KHO0313","SP255",415,"Khu 10 - Ke 10",05-JAN-24 02.40.00.000000000 PM
"KHO0314","SP121",295,"Khu 9 - Ke 5",11-JAN-23 10.48.00.000000000 PM
"KHO0315","SP114",94,"Khu 10 - Ke 30",15-JUL-23 07.24.00.000000000 AM
"KHO0316","SP229",487,"Khu 4 - Ke 14",30-SEP-25 03.58.00.000000000 PM
"KHO0317","SP200",31,"Khu 2 - Ke 50",03-APR-25 03.04.00.000000000 PM
"KHO0318","SP184",398,"Khu 6 - Ke 19",01-FEB-24 08.07.00.000000000 AM
"KHO0319","SP114",301,"Khu 7 - Ke 30",06-JUN-25 08.09.00.000000000 PM
"KHO0320","SP055",349,"Khu 4 - Ke 2",21-JUN-23 02.15.00.000000000 AM
"KHO0321","SP162",452,"Khu 10 - Ke 36",28-FEB-24 05.06.00.000000000 PM
"KHO0322","SP078",13,"Khu 8 - Ke 2",02-SEP-23 03.59.00.000000000 AM
"KHO0323","SP153",447,"Khu 2 - Ke 34",18-APR-23 05.47.00.000000000 PM
"KHO0324","SP086",331,"Khu 3 - Ke 46",29-FEB-24 05.18.00.000000000 PM
"KHO0487","SP230",64,"Khu 5 - Ke 47",07-APR-25 01.16.00.000000000 AM
"KHO0488","SP090",294,"Khu 5 - Ke 42",20-SEP-24 10.49.00.000000000 AM
"KHO0489","SP249",117,"Khu 7 - Ke 11",03-OCT-25 06.15.00.000000000 PM
"KHO0490","SP226",309,"Khu 1 - Ke 31",24-FEB-25 01.26.00.000000000 PM
"KHO0491","SP108",25,"Khu 3 - Ke 17",19-DEC-25 02.01.00.000000000 AM
"KHO0492","SP186",208,"Khu 1 - Ke 46",08-APR-25 06.51.00.000000000 PM
"KHO0493","SP169",190,"Khu 9 - Ke 21",24-NOV-23 04.09.00.000000000 PM
"KHO0494","SP169",71,"Khu 2 - Ke 34",02-DEC-25 04.48.00.000000000 AM
"KHO0495","SP102",317,"Khu 9 - Ke 26",27-MAR-24 09.40.00.000000000 AM
"KHO0496","SP287",142,"Khu 8 - Ke 21",01-DEC-24 03.08.00.000000000 AM
"KHO0497","SP099",153,"Khu 2 - Ke 44",08-JUL-23 12.34.00.000000000 AM
"KHO0498","SP145",143,"Khu 2 - Ke 34",06-FEB-25 08.42.00.000000000 PM
"KHO0499","SP165",70,"Khu 9 - Ke 3",21-JAN-23 05.50.00.000000000 PM
"KHO0500","SP083",431,"Khu 5 - Ke 9",17-APR-23 03.36.00.000000000 PM
"KHO0501","SP179",299,"Khu 7 - Ke 45",09-OCT-24 10.59.00.000000000 PM
"KHO0502","SP118",306,"Khu 2 - Ke 3",28-OCT-23 01.15.00.000000000 AM
"KHO0503","SP102",477,"Khu 8 - Ke 38",01-OCT-24 01.44.00.000000000 AM
"KHO0504","SP136",322,"Khu 2 - Ke 37",02-AUG-24 08.23.00.000000000 PM
"KHO0505","SP070",302,"Khu 3 - Ke 5",24-JUN-23 12.28.00.000000000 AM
"KHO0506","SP006",428,"Khu 8 - Ke 24",09-AUG-24 09.27.00.000000000 PM
"KHO0507","SP043",434,"Khu 8 - Ke 32",23-NOV-25 03.06.00.000000000 AM
"KHO0508","SP145",188,"Khu 5 - Ke 12",16-JUN-25 11.15.00.000000000 AM
"KHO0509","SP223",331,"Khu 4 - Ke 47",26-NOV-24 04.29.00.000000000 PM
"KHO0510","SP001",434,"Khu 1 - Ke 26",08-JUL-24 01.00.00.000000000 AM
"KHO0511","SP217",186,"Khu 7 - Ke 47",01-DEC-25 10.36.00.000000000 AM
"KHO0512","SP117",212,"Khu 10 - Ke 48",30-AUG-25 01.41.00.000000000 PM
"KHO0513","SP230",20,"Khu 5 - Ke 47",27-MAR-24 04.25.00.000000000 AM
"KHO0514","SP251",379,"Khu 8 - Ke 11",13-JUL-25 12.19.00.000000000 PM
"KHO0515","SP180",453,"Khu 5 - Ke 21",29-OCT-25 10.32.00.000000000 AM
"KHO0516","SP146",123,"Khu 2 - Ke 30",19-OCT-25 11.58.00.000000000 AM
"KHO0517","SP222",303,"Khu 1 - Ke 13",21-AUG-23 04.33.00.000000000 PM
"KHO0518","SP007",139,"Khu 3 - Ke 44",20-AUG-24 10.58.00.000000000 AM
"KHO0519","SP049",116,"Khu 9 - Ke 11",19-MAR-24 10.31.00.000000000 PM
"KHO0520","SP064",388,"Khu 1 - Ke 31",24-MAY-25 12.44.00.000000000 AM
"KHO0521","SP266",378,"Khu 1 - Ke 18",12-AUG-24 04.57.00.000000000 AM
"KHO0522","SP013",441,"Khu 4 - Ke 37",25-NOV-25 01.34.00.000000000 PM
"KHO0523","SP205",463,"Khu 5 - Ke 22",13-OCT-23 06.30.00.000000000 PM
"KHO0524","SP290",208,"Khu 5 - Ke 18",24-JUL-24 04.38.00.000000000 AM
"KHO0525","SP272",393,"Khu 2 - Ke 6",14-APR-24 08.00.00.000000000 AM
"KHO0526","SP016",16,"Khu 5 - Ke 50",01-MAY-25 11.28.00.000000000 PM
"KHO0527","SP074",65,"Khu 5 - Ke 5",01-JUN-25 05.08.00.000000000 AM
"KHO0528","SP028",267,"Khu 7 - Ke 48",25-NOV-25 08.00.00.000000000 AM
"KHO0529","SP044",201,"Khu 10 - Ke 49",16-APR-25 04.57.00.000000000 AM
"KHO0530","SP271",448,"Khu 10 - Ke 13",21-MAY-24 02.48.00.000000000 PM
"KHO0531","SP074",483,"Khu 3 - Ke 10",07-DEC-25 04.41.00.000000000 AM
"KHO0532","SP283",383,"Khu 4 - Ke 44",12-APR-25 11.39.00.000000000 PM
"KHO0533","SP203",7,"Khu 6 - Ke 13",14-NOV-24 12.54.00.000000000 AM
"KHO0534","SP048",336,"Khu 7 - Ke 26",12-DEC-23 07.49.00.000000000 PM
"KHO0535","SP059",76,"Khu 2 - Ke 16",15-FEB-23 10.38.00.000000000 AM
"KHO0536","SP167",92,"Khu 3 - Ke 12",02-MAY-25 01.22.00.000000000 AM
"KHO0537","SP206",478,"Khu 8 - Ke 41",20-AUG-23 06.20.00.000000000 PM
"KHO0538","SP076",147,"Khu 9 - Ke 21",08-MAR-24 01.08.00.000000000 PM
"KHO0539","SP269",201,"Khu 2 - Ke 1",13-APR-23 05.21.00.000000000 PM
"KHO0540","SP255",464,"Khu 2 - Ke 31",18-JUN-23 06.39.00.000000000 AM
"KHO0541","SP038",442,"Khu 9 - Ke 38",09-MAY-25 01.50.00.000000000 PM
"KHO0542","SP256",229,"Khu 5 - Ke 43",01-JUN-24 11.50.00.000000000 PM
"KHO0543","SP121",181,"Khu 5 - Ke 41",20-MAR-23 09.09.00.000000000 AM
"KHO0544","SP239",403,"Khu 9 - Ke 23",29-NOV-24 08.15.00.000000000 PM
"KHO0545","SP234",70,"Khu 6 - Ke 29",06-DEC-25 08.20.00.000000000 AM
"KHO0546","SP106",122,"Khu 1 - Ke 42",25-MAY-24 01.27.00.000000000 PM
"KHO0547","SP202",493,"Khu 7 - Ke 1",22-NOV-25 12.34.00.000000000 AM
"KHO0548","SP253",192,"Khu 7 - Ke 1",28-DEC-23 05.11.00.000000000 AM
"KHO0549","SP067",312,"Khu 10 - Ke 1",15-OCT-23 01.38.00.000000000 AM
"KHO0550","SP089",253,"Khu 2 - Ke 38",06-DEC-24 09.47.00.000000000 AM
"KHO0551","SP057",269,"Khu 8 - Ke 37",13-NOV-23 05.36.00.000000000 PM
"KHO0552","SP146",72,"Khu 2 - Ke 15",20-JUL-24 03.36.00.000000000 AM
"KHO0553","SP090",290,"Khu 6 - Ke 46",31-JUL-25 04.37.00.000000000 AM
"KHO0554","SP065",35,"Khu 4 - Ke 28",15-FEB-25 12.02.00.000000000 PM
"KHO0555","SP261",445,"Khu 3 - Ke 9",13-FEB-23 03.26.00.000000000 AM
"KHO0556","SP125",33,"Khu 9 - Ke 27",06-AUG-23 03.10.00.000000000 AM
"KHO0557","SP067",293,"Khu 9 - Ke 17",18-APR-25 07.53.00.000000000 AM
"KHO0558","SP136",377,"Khu 2 - Ke 29",22-APR-24 09.17.00.000000000 PM
"KHO0559","SP093",149,"Khu 7 - Ke 36",26-DEC-25 01.33.00.000000000 AM
"KHO0560","SP063",2,"Khu 9 - Ke 46",07-MAR-23 10.45.00.000000000 PM
"KHO0561","SP151",164,"Khu 5 - Ke 16",19-JAN-24 11.30.00.000000000 PM
"KHO0562","SP283",1,"Khu 4 - Ke 23",07-JUN-24 11.48.00.000000000 AM
"KHO0563","SP239",63,"Khu 6 - Ke 16",23-DEC-23 01.38.00.000000000 PM
"KHO0564","SP047",416,"Khu 3 - Ke 44",05-JUL-25 05.15.00.000000000 PM
"KHO0565","SP091",74,"Khu 8 - Ke 30",29-JAN-24 07.34.00.000000000 PM
"KHO0566","SP183",356,"Khu 8 - Ke 15",13-JUL-23 07.04.00.000000000 PM
"KHO0567","SP298",140,"Khu 10 - Ke 17",28-MAY-23 02.50.00.000000000 AM
"KHO0568","SP131",492,"Khu 4 - Ke 8",08-FEB-24 09.42.00.000000000 PM
"KHO0569","SP221",318,"Khu 1 - Ke 50",21-JAN-23 06.12.00.000000000 PM
"KHO0570","SP261",202,"Khu 5 - Ke 3",16-SEP-24 02.31.00.000000000 PM
"KHO0571","SP162",95,"Khu 10 - Ke 39",21-SEP-23 05.00.00.000000000 AM
"KHO0572","SP042",444,"Khu 6 - Ke 8",04-NOV-24 11.05.00.000000000 AM
"KHO0573","SP156",322,"Khu 4 - Ke 44",11-FEB-25 10.14.00.000000000 AM
"KHO0574","SP034",325,"Khu 10 - Ke 39",20-MAY-23 05.01.00.000000000 PM
"KHO0575","SP034",119,"Khu 3 - Ke 36",02-MAY-24 03.14.00.000000000 PM
"KHO0576","SP175",366,"Khu 10 - Ke 15",29-NOV-23 02.07.00.000000000 AM
"KHO0577","SP095",135,"Khu 1 - Ke 5",17-NOV-23 12.22.00.000000000 PM
"KHO0578","SP134",264,"Khu 10 - Ke 37",16-NOV-25 05.28.00.000000000 PM
"KHO0579","SP083",491,"Khu 7 - Ke 3",22-FEB-23 01.30.00.000000000 AM
"KHO0580","SP039",423,"Khu 6 - Ke 22",14-MAR-25 08.38.00.000000000 AM
"KHO0581","SP263",232,"Khu 3 - Ke 9",20-JAN-24 12.44.00.000000000 PM
"KHO0582","SP036",14,"Khu 9 - Ke 42",19-JUN-24 10.39.00.000000000 PM
"KHO0583","SP256",466,"Khu 3 - Ke 19",09-NOV-24 01.00.00.000000000 AM
"KHO0584","SP229",434,"Khu 2 - Ke 31",26-MAY-24 09.08.00.000000000 AM
"KHO0585","SP067",491,"Khu 9 - Ke 11",21-JAN-25 03.22.00.000000000 AM
"KHO0586","SP134",65,"Khu 8 - Ke 2",11-JUN-24 06.46.00.000000000 PM
"KHO0587","SP068",496,"Khu 5 - Ke 23",31-DEC-23 02.31.00.000000000 AM
"KHO0588","SP175",170,"Khu 4 - Ke 47",26-JUL-25 03.40.00.000000000 AM
"KHO0589","SP037",230,"Khu 7 - Ke 28",21-SEP-24 12.30.00.000000000 PM
"KHO0590","SP291",362,"Khu 7 - Ke 35",07-DEC-25 03.32.00.000000000 AM
"KHO0591","SP093",419,"Khu 4 - Ke 1",11-JAN-24 06.16.00.000000000 PM
"KHO0592","SP283",417,"Khu 6 - Ke 10",23-JAN-24 12.17.00.000000000 AM
"KHO0593","SP226",364,"Khu 4 - Ke 38",28-DEC-23 11.44.00.000000000 AM
"KHO0594","SP228",434,"Khu 6 - Ke 31",30-DEC-25 01.54.00.000000000 PM
"KHO0595","SP286",491,"Khu 6 - Ke 37",13-JAN-25 10.58.00.000000000 AM
"KHO0596","SP078",49,"Khu 4 - Ke 1",18-APR-24 06.23.00.000000000 PM
"KHO0597","SP107",44,"Khu 10 - Ke 10",25-OCT-25 03.49.00.000000000 AM
"KHO0598","SP081",39,"Khu 6 - Ke 5",22-AUG-25 03.01.00.000000000 PM
"KHO0599","SP231",401,"Khu 4 - Ke 39",01-JUL-23 08.35.00.000000000 PM
"KHO0600","SP076",279,"Khu 10 - Ke 46",24-AUG-24 07.41.00.000000000 AM
"KHO0601","SP125",420,"Khu 9 - Ke 13",21-MAY-25 12.38.00.000000000 AM
"KHO0602","SP107",493,"Khu 9 - Ke 39",07-MAY-24 10.16.00.000000000 AM
"KHO0603","SP214",62,"Khu 3 - Ke 19",24-APR-24 04.49.00.000000000 AM
"KHO0604","SP244",386,"Khu 10 - Ke 50",28-MAY-25 09.45.00.000000000 PM
"KHO0605","SP280",425,"Khu 2 - Ke 27",03-SEP-23 03.47.00.000000000 AM
"KHO0606","SP169",264,"Khu 2 - Ke 48",12-DEC-23 09.02.00.000000000 PM
"KHO0607","SP234",241,"Khu 2 - Ke 10",03-NOV-23 01.12.00.000000000 PM
"KHO0608","SP240",18,"Khu 6 - Ke 47",02-SEP-25 02.46.00.000000000 PM
"KHO0609","SP056",283,"Khu 1 - Ke 29",21-FEB-24 02.44.00.000000000 PM
"KHO0610","SP228",299,"Khu 3 - Ke 35",03-AUG-23 03.51.00.000000000 AM
"KHO0611","SP149",375,"Khu 8 - Ke 40",08-MAR-23 01.16.00.000000000 AM
"KHO0612","SP008",316,"Khu 10 - Ke 5",04-MAY-25 02.24.00.000000000 AM
"KHO0613","SP009",166,"Khu 8 - Ke 13",07-JUL-25 01.59.00.000000000 PM
"KHO0614","SP273",48,"Khu 9 - Ke 22",14-NOV-25 06.12.00.000000000 AM
"KHO0615","SP031",266,"Khu 4 - Ke 23",12-MAY-25 01.16.00.000000000 PM
"KHO0616","SP042",307,"Khu 7 - Ke 8",14-JUN-24 04.15.00.000000000 PM
"KHO0617","SP116",151,"Khu 9 - Ke 28",16-JUN-23 06.29.00.000000000 AM
"KHO0618","SP286",47,"Khu 3 - Ke 39",24-OCT-24 09.33.00.000000000 AM
"KHO0619","SP027",265,"Khu 9 - Ke 49",07-FEB-23 02.21.00.000000000 PM
"KHO0620","SP286",43,"Khu 6 - Ke 1",29-OCT-25 03.24.00.000000000 AM
"KHO0621","SP051",354,"Khu 6 - Ke 27",04-OCT-25 07.35.00.000000000 AM
"KHO0622","SP229",290,"Khu 8 - Ke 21",20-MAR-24 08.51.00.000000000 PM
"KHO0623","SP194",243,"Khu 10 - Ke 27",12-JAN-24 06.02.00.000000000 AM
"KHO0624","SP161",260,"Khu 6 - Ke 23",07-JUL-23 02.40.00.000000000 AM
"KHO0625","SP084",494,"Khu 1 - Ke 11",18-APR-25 12.29.00.000000000 PM
"KHO0626","SP280",68,"Khu 10 - Ke 34",19-DEC-24 08.07.00.000000000 PM
"KHO0627","SP129",416,"Khu 3 - Ke 12",15-JUL-24 10.21.00.000000000 PM
"KHO0628","SP011",87,"Khu 6 - Ke 11",23-JUL-24 01.21.00.000000000 PM
"KHO0629","SP256",150,"Khu 5 - Ke 24",12-JUL-23 02.24.00.000000000 AM
"KHO0630","SP183",188,"Khu 6 - Ke 43",10-NOV-23 11.34.00.000000000 AM
"KHO0631","SP283",217,"Khu 9 - Ke 5",13-MAY-25 10.09.00.000000000 PM
"KHO0632","SP268",408,"Khu 1 - Ke 6",26-OCT-25 07.21.00.000000000 PM
"KHO0633","SP142",86,"Khu 4 - Ke 16",04-SEP-25 05.12.00.000000000 AM
"KHO0634","SP029",410,"Khu 8 - Ke 38",24-APR-23 12.58.00.000000000 AM
"KHO0635","SP019",115,"Khu 4 - Ke 19",02-MAY-24 10.19.00.000000000 AM
"KHO0636","SP213",422,"Khu 6 - Ke 48",19-FEB-23 10.42.00.000000000 PM
"KHO0637","SP043",260,"Khu 1 - Ke 5",13-JUN-23 02.06.00.000000000 PM
"KHO0638","SP296",57,"Khu 2 - Ke 28",08-NOV-23 03.27.00.000000000 AM
"KHO0639","SP189",402,"Khu 10 - Ke 42",15-FEB-24 10.06.00.000000000 AM
"KHO0640","SP165",13,"Khu 4 - Ke 7",13-NOV-23 05.26.00.000000000 AM
"KHO0641","SP004",343,"Khu 5 - Ke 29",11-MAY-23 04.35.00.000000000 AM
"KHO0642","SP066",270,"Khu 4 - Ke 12",09-AUG-24 03.09.00.000000000 AM
"KHO0643","SP008",226,"Khu 1 - Ke 19",19-DEC-24 02.48.00.000000000 AM
"KHO0644","SP091",8,"Khu 4 - Ke 39",13-JUL-24 06.17.00.000000000 PM
"KHO0645","SP266",19,"Khu 10 - Ke 46",06-AUG-23 09.32.00.000000000 AM
"KHO0646","SP019",75,"Khu 5 - Ke 26",09-JUL-24 07.56.00.000000000 AM
"KHO0647","SP053",423,"Khu 6 - Ke 4",20-OCT-23 03.17.00.000000000 PM
"KHO0648","SP063",71,"Khu 7 - Ke 39",17-JUN-23 01.57.00.000000000 PM
"KHO0649","SP256",229,"Khu 3 - Ke 12",20-MAY-24 03.36.00.000000000 PM
"KHO0650","SP030",380,"Khu 1 - Ke 3",24-JAN-24 11.45.00.000000000 AM
"KHO0651","SP298",283,"Khu 2 - Ke 44",18-SEP-25 03.40.00.000000000 AM
"KHO0652","SP104",99,"Khu 10 - Ke 15",18-MAR-24 09.49.00.000000000 PM
"KHO0653","SP221",487,"Khu 1 - Ke 13",07-MAR-24 06.22.00.000000000 PM
"KHO0654","SP224",378,"Khu 9 - Ke 1",13-JUL-25 05.54.00.000000000 AM
"KHO0655","SP079",141,"Khu 1 - Ke 8",22-JAN-24 10.31.00.000000000 AM
"KHO0656","SP121",66,"Khu 7 - Ke 20",17-JUL-23 05.34.00.000000000 PM
"KHO0657","SP192",102,"Khu 1 - Ke 40",21-SEP-23 07.51.00.000000000 AM
"KHO0658","SP042",385,"Khu 5 - Ke 28",07-NOV-24 09.07.00.000000000 AM
"KHO0659","SP171",261,"Khu 7 - Ke 21",01-JAN-24 03.26.00.000000000 PM
"KHO0660","SP157",446,"Khu 7 - Ke 12",29-MAY-25 02.02.00.000000000 PM
"KHO0661","SP019",177,"Khu 10 - Ke 48",25-AUG-25 07.20.00.000000000 PM
"KHO0662","SP223",459,"Khu 6 - Ke 1",12-JAN-25 08.28.00.000000000 PM
"KHO0663","SP066",320,"Khu 6 - Ke 29",20-JAN-25 08.45.00.000000000 AM
"KHO0664","SP286",403,"Khu 7 - Ke 10",19-SEP-24 06.19.00.000000000 AM
"KHO0665","SP242",456,"Khu 5 - Ke 29",29-DEC-23 10.44.00.000000000 PM
"KHO0666","SP189",274,"Khu 1 - Ke 14",26-MAR-23 02.40.00.000000000 AM
"KHO0667","SP071",151,"Khu 4 - Ke 43",22-JAN-23 01.16.00.000000000 AM
"KHO0668","SP174",375,"Khu 3 - Ke 13",12-MAY-25 11.29.00.000000000 AM
"KHO0669","SP073",35,"Khu 2 - Ke 4",15-FEB-25 02.16.00.000000000 AM
"KHO0670","SP024",323,"Khu 7 - Ke 35",03-SEP-23 10.53.00.000000000 PM
"KHO0671","SP042",55,"Khu 4 - Ke 5",08-AUG-25 07.47.00.000000000 PM
"KHO0672","SP025",188,"Khu 2 - Ke 24",17-MAY-23 12.48.00.000000000 AM
"KHO0673","SP041",379,"Khu 7 - Ke 2",30-SEP-23 12.03.00.000000000 AM
"KHO0674","SP152",480,"Khu 4 - Ke 21",19-DEC-23 11.22.00.000000000 PM
"KHO0675","SP295",64,"Khu 7 - Ke 19",04-DEC-24 11.27.00.000000000 AM
"KHO0676","SP167",128,"Khu 2 - Ke 44",06-JAN-24 03.19.00.000000000 AM
"KHO0677","SP119",326,"Khu 1 - Ke 4",04-OCT-24 01.42.00.000000000 PM
"KHO0678","SP232",458,"Khu 6 - Ke 39",21-JUL-25 02.31.00.000000000 PM
"KHO0679","SP206",289,"Khu 2 - Ke 43",13-MAY-24 09.21.00.000000000 AM
"KHO0680","SP224",133,"Khu 4 - Ke 37",06-FEB-24 04.42.00.000000000 PM
"KHO0681","SP266",338,"Khu 4 - Ke 49",09-DEC-23 09.48.00.000000000 AM
"KHO0682","SP220",107,"Khu 9 - Ke 30",29-JAN-24 04.16.00.000000000 PM
"KHO0683","SP246",219,"Khu 2 - Ke 7",19-SEP-24 03.10.00.000000000 AM
"KHO0684","SP082",396,"Khu 7 - Ke 28",08-JUL-23 10.05.00.000000000 AM
"KHO0685","SP034",311,"Khu 5 - Ke 25",08-SEP-23 03.41.00.000000000 AM
"KHO0686","SP050",218,"Khu 9 - Ke 25",20-SEP-23 10.44.00.000000000 AM
"KHO0687","SP127",377,"Khu 8 - Ke 34",17-AUG-23 05.49.00.000000000 PM
"KHO0688","SP001",306,"Khu 6 - Ke 28",11-APR-25 04.17.00.000000000 PM
"KHO0689","SP067",491,"Khu 10 - Ke 5",27-OCT-24 06.27.00.000000000 AM
"KHO0690","SP117",486,"Khu 6 - Ke 37",08-MAY-24 05.09.00.000000000 AM
"KHO0691","SP227",88,"Khu 8 - Ke 38",15-FEB-25 05.32.00.000000000 AM
"KHO0692","SP171",404,"Khu 3 - Ke 12",15-FEB-25 06.42.00.000000000 AM
"KHO0693","SP117",291,"Khu 2 - Ke 8",09-SEP-23 04.42.00.000000000 AM
"KHO0694","SP246",360,"Khu 3 - Ke 21",01-SEP-23 05.30.00.000000000 AM
"KHO0695","SP031",57,"Khu 2 - Ke 35",17-JUN-25 12.29.00.000000000 AM
"KHO0696","SP277",421,"Khu 9 - Ke 3",14-AUG-23 10.29.00.000000000 AM
"KHO0697","SP284",66,"Khu 3 - Ke 40",23-MAY-25 12.05.00.000000000 AM
"KHO0698","SP048",385,"Khu 7 - Ke 6",25-FEB-24 01.22.00.000000000 AM
"KHO0699","SP020",224,"Khu 3 - Ke 8",17-JUL-24 10.14.00.000000000 AM
"KHO0700","SP014",313,"Khu 2 - Ke 39",22-NOV-23 11.47.00.000000000 PM
"KHO0701","SP055",275,"Khu 8 - Ke 32",09-JAN-25 10.14.00.000000000 PM
"KHO0702","SP285",379,"Khu 5 - Ke 9",21-SEP-23 01.42.00.000000000 PM
"KHO0703","SP156",385,"Khu 4 - Ke 11",23-DEC-25 09.47.00.000000000 PM
"KHO0704","SP237",486,"Khu 1 - Ke 10",06-FEB-24 04.11.00.000000000 AM
"KHO0705","SP242",253,"Khu 1 - Ke 2",22-JUN-25 03.19.00.000000000 AM
"KHO0706","SP269",424,"Khu 5 - Ke 42",29-OCT-25 05.53.00.000000000 AM
"KHO0707","SP095",57,"Khu 5 - Ke 50",12-OCT-23 10.07.00.000000000 PM
"KHO0708","SP283",382,"Khu 1 - Ke 40",04-AUG-25 07.42.00.000000000 AM
"KHO0709","SP175",300,"Khu 8 - Ke 15",14-MAY-24 02.22.00.000000000 AM
"KHO0710","SP108",466,"Khu 8 - Ke 42",04-AUG-25 07.32.00.000000000 PM
"KHO0711","SP128",283,"Khu 5 - Ke 45",05-DEC-23 08.48.00.000000000 AM
"KHO0712","SP125",64,"Khu 3 - Ke 46",26-SEP-25 04.39.00.000000000 AM
"KHO0713","SP251",407,"Khu 7 - Ke 2",24-FEB-24 09.10.00.000000000 AM
"KHO0714","SP242",436,"Khu 1 - Ke 30",24-JUL-23 07.15.00.000000000 AM
"KHO0715","SP255",231,"Khu 9 - Ke 35",04-NOV-23 12.22.00.000000000 PM
"KHO0716","SP167",323,"Khu 3 - Ke 24",10-SEP-23 06.16.00.000000000 AM
"KHO0717","SP129",291,"Khu 6 - Ke 24",27-MAR-24 06.41.00.000000000 PM
"KHO0718","SP031",485,"Khu 1 - Ke 15",06-APR-24 11.06.00.000000000 PM
"KHO0719","SP190",149,"Khu 1 - Ke 28",27-JUL-24 12.52.00.000000000 AM
"KHO0720","SP173",293,"Khu 6 - Ke 38",01-OCT-25 06.01.00.000000000 AM
"KHO0721","SP165",75,"Khu 1 - Ke 16",14-OCT-23 01.40.00.000000000 AM
"KHO0722","SP246",154,"Khu 8 - Ke 1",13-NOV-25 12.17.00.000000000 PM
"KHO0723","SP287",279,"Khu 5 - Ke 27",07-DEC-23 09.38.00.000000000 PM
"KHO0724","SP225",290,"Khu 1 - Ke 43",13-MAR-25 01.11.00.000000000 AM
"KHO0725","SP138",72,"Khu 2 - Ke 50",18-MAR-23 05.32.00.000000000 AM
"KHO0726","SP269",61,"Khu 3 - Ke 34",12-NOV-24 12.40.00.000000000 AM
"KHO0727","SP104",89,"Khu 2 - Ke 23",29-JAN-23 09.33.00.000000000 AM
"KHO0728","SP044",235,"Khu 10 - Ke 26",21-JUN-25 07.45.00.000000000 AM
"KHO0729","SP017",341,"Khu 7 - Ke 50",27-JAN-25 07.29.00.000000000 AM
"KHO0730","SP125",373,"Khu 8 - Ke 38",07-APR-25 03.04.00.000000000 AM
"KHO0731","SP260",437,"Khu 4 - Ke 7",13-JUL-23 08.52.00.000000000 PM
"KHO0732","SP269",437,"Khu 1 - Ke 6",23-MAY-24 12.03.00.000000000 PM
"KHO0733","SP266",397,"Khu 7 - Ke 10",26-JAN-25 11.58.00.000000000 AM
"KHO0734","SP251",354,"Khu 9 - Ke 42",24-MAR-23 10.44.00.000000000 AM
"KHO0735","SP029",387,"Khu 8 - Ke 25",29-SEP-24 07.15.00.000000000 AM
"KHO0736","SP254",52,"Khu 4 - Ke 33",26-FEB-24 06.12.00.000000000 PM
"KHO0737","SP247",454,"Khu 6 - Ke 35",27-APR-25 09.42.00.000000000 PM
"KHO0738","SP225",7,"Khu 7 - Ke 48",01-MAY-23 11.26.00.000000000 AM
"KHO0739","SP261",222,"Khu 5 - Ke 6",21-FEB-24 03.24.00.000000000 AM
"KHO0740","SP183",404,"Khu 7 - Ke 47",18-OCT-24 09.28.00.000000000 PM
"KHO0741","SP013",43,"Khu 2 - Ke 38",03-OCT-23 06.43.00.000000000 PM
"KHO0742","SP260",74,"Khu 4 - Ke 35",18-SEP-25 12.42.00.000000000 AM
"KHO0743","SP002",210,"Khu 8 - Ke 23",01-JUL-23 01.56.00.000000000 PM
"KHO0744","SP059",198,"Khu 3 - Ke 41",06-SEP-23 04.19.00.000000000 AM
"KHO0745","SP021",37,"Khu 1 - Ke 38",13-FEB-25 04.07.00.000000000 AM
"KHO0746","SP255",37,"Khu 5 - Ke 41",18-AUG-24 06.30.00.000000000 PM
"KHO0747","SP242",442,"Khu 2 - Ke 19",15-MAR-23 11.59.00.000000000 AM
"KHO0748","SP064",169,"Khu 6 - Ke 13",13-AUG-24 11.54.00.000000000 PM
"KHO0749","SP090",91,"Khu 6 - Ke 13",25-FEB-23 03.32.00.000000000 AM
"KHO0750","SP211",400,"Khu 5 - Ke 21",16-APR-23 02.59.00.000000000 PM
"KHO0751","SP144",31,"Khu 1 - Ke 14",03-OCT-23 07.42.00.000000000 AM
"KHO0752","SP234",433,"Khu 2 - Ke 38",19-OCT-24 08.57.00.000000000 PM
"KHO0753","SP037",353,"Khu 6 - Ke 23",20-JAN-23 02.19.00.000000000 PM
"KHO0754","SP077",168,"Khu 7 - Ke 33",12-DEC-24 03.57.00.000000000 AM
"KHO0755","SP177",480,"Khu 1 - Ke 45",07-JAN-25 01.46.00.000000000 PM
"KHO0756","SP272",328,"Khu 4 - Ke 45",14-FEB-25 04.51.00.000000000 PM
"KHO0757","SP001",234,"Khu 8 - Ke 39",27-OCT-24 04.33.00.000000000 PM
"KHO0758","SP163",290,"Khu 2 - Ke 31",31-JUL-23 02.28.00.000000000 AM
"KHO0759","SP207",318,"Khu 7 - Ke 41",19-JUL-23 03.43.00.000000000 AM
"KHO0760","SP270",405,"Khu 3 - Ke 44",05-DEC-23 07.41.00.000000000 AM
"KHO0761","SP091",275,"Khu 6 - Ke 22",04-FEB-23 02.44.00.000000000 AM
"KHO0762","SP054",56,"Khu 7 - Ke 30",21-JAN-24 01.35.00.000000000 AM
"KHO0763","SP084",297,"Khu 6 - Ke 37",18-SEP-25 06.11.00.000000000 PM
"KHO0764","SP287",485,"Khu 2 - Ke 32",05-JAN-23 02.05.00.000000000 AM
"KHO0765","SP035",283,"Khu 7 - Ke 32",16-FEB-25 02.45.00.000000000 PM
"KHO0766","SP159",404,"Khu 5 - Ke 33",24-AUG-23 05.00.00.000000000 AM
"KHO0767","SP106",76,"Khu 5 - Ke 2",30-OCT-24 03.42.00.000000000 PM
"KHO0768","SP064",4,"Khu 5 - Ke 17",23-NOV-24 08.20.00.000000000 AM
"KHO0769","SP296",53,"Khu 7 - Ke 39",04-SEP-23 12.01.00.000000000 PM
"KHO0770","SP280",417,"Khu 5 - Ke 16",19-OCT-24 10.49.00.000000000 PM
"KHO0771","SP198",19,"Khu 1 - Ke 6",28-AUG-24 10.20.00.000000000 AM
"KHO0772","SP022",368,"Khu 6 - Ke 48",23-JAN-24 04.38.00.000000000 AM
"KHO0773","SP087",179,"Khu 3 - Ke 49",03-JUN-25 01.24.00.000000000 PM
"KHO0774","SP145",163,"Khu 5 - Ke 43",20-MAY-25 07.14.00.000000000 PM
"KHO0775","SP146",220,"Khu 3 - Ke 3",02-FEB-24 05.42.00.000000000 PM
"KHO0776","SP075",414,"Khu 10 - Ke 43",07-MAR-24 03.23.00.000000000 AM
"KHO0777","SP193",226,"Khu 1 - Ke 37",13-JUN-24 05.24.00.000000000 AM
"KHO0778","SP020",53,"Khu 8 - Ke 28",14-AUG-25 09.46.00.000000000 AM
"KHO0779","SP123",47,"Khu 8 - Ke 42",19-JUL-24 09.44.00.000000000 PM
"KHO0780","SP004",205,"Khu 8 - Ke 33",01-NOV-23 08.40.00.000000000 PM
"KHO0781","SP026",284,"Khu 3 - Ke 22",05-JAN-25 09.21.00.000000000 AM
"KHO0782","SP240",42,"Khu 2 - Ke 33",07-APR-25 09.36.00.000000000 PM
"KHO0783","SP188",472,"Khu 9 - Ke 18",10-MAY-25 12.01.00.000000000 AM
"KHO0784","SP186",193,"Khu 2 - Ke 34",30-NOV-24 03.59.00.000000000 AM
"KHO0785","SP096",35,"Khu 10 - Ke 8",06-APR-24 07.02.00.000000000 AM
"KHO0786","SP277",119,"Khu 9 - Ke 13",27-MAR-25 11.20.00.000000000 AM
"KHO0787","SP251",344,"Khu 6 - Ke 22",28-APR-24 09.59.00.000000000 PM
"KHO0788","SP160",236,"Khu 4 - Ke 25",05-AUG-25 09.15.00.000000000 PM
"KHO0789","SP189",417,"Khu 1 - Ke 41",30-APR-24 11.05.00.000000000 PM
"KHO0790","SP278",11,"Khu 7 - Ke 27",21-JAN-23 03.40.00.000000000 AM
"KHO0791","SP236",217,"Khu 3 - Ke 24",16-OCT-25 09.48.00.000000000 AM
"KHO0792","SP135",16,"Khu 1 - Ke 37",18-SEP-25 11.09.00.000000000 AM
"KHO0793","SP163",192,"Khu 6 - Ke 24",14-OCT-24 06.14.00.000000000 PM
"KHO0794","SP240",191,"Khu 8 - Ke 20",13-DEC-24 11.03.00.000000000 PM
"KHO0795","SP056",230,"Khu 6 - Ke 21",30-DEC-23 12.13.00.000000000 AM
"KHO0796","SP076",226,"Khu 5 - Ke 14",25-DEC-25 11.56.00.000000000 AM
"KHO0797","SP256",159,"Khu 6 - Ke 9",04-MAY-24 07.19.00.000000000 PM
"KHO0798","SP035",128,"Khu 8 - Ke 27",28-SEP-23 05.36.00.000000000 PM
"KHO0799","SP047",217,"Khu 3 - Ke 25",29-MAY-25 11.49.00.000000000 PM
"KHO0800","SP132",273,"Khu 2 - Ke 45",30-SEP-24 09.28.00.000000000 PM
"KHO0801","SP095",221,"Khu 8 - Ke 4",28-AUG-24 06.46.00.000000000 PM
"KHO0802","SP098",392,"Khu 4 - Ke 5",06-AUG-23 11.34.00.000000000 AM
"KHO0803","SP268",430,"Khu 5 - Ke 26",23-OCT-24 09.15.00.000000000 AM
"KHO0804","SP135",67,"Khu 1 - Ke 18",16-FEB-24 08.13.00.000000000 AM
"KHO0805","SP196",169,"Khu 5 - Ke 24",10-APR-23 12.43.00.000000000 PM
"KHO0806","SP136",454,"Khu 10 - Ke 49",11-MAR-24 04.26.00.000000000 AM
"KHO0807","SP059",496,"Khu 1 - Ke 45",28-AUG-25 05.09.00.000000000 PM
"KHO0808","SP243",199,"Khu 6 - Ke 49",10-AUG-25 12.03.00.000000000 AM
"KHO0809","SP156",465,"Khu 4 - Ke 40",18-JUL-24 03.23.00.000000000 PM
"KHO0810","SP166",143,"Khu 6 - Ke 21",12-FEB-25 01.25.00.000000000 AM
"KHO0325","SP245",60,"Khu 5 - Ke 21",29-OCT-24 08.45.00.000000000 PM
"KHO0326","SP076",243,"Khu 2 - Ke 15",30-AUG-23 10.39.00.000000000 AM
"KHO0327","SP075",51,"Khu 3 - Ke 31",10-JUL-25 07.28.00.000000000 AM
"KHO0328","SP111",406,"Khu 5 - Ke 39",12-MAR-23 11.53.00.000000000 AM
"KHO0329","SP017",457,"Khu 7 - Ke 1",23-DEC-25 04.08.00.000000000 PM
"KHO0330","SP117",239,"Khu 4 - Ke 19",15-NOV-24 02.08.00.000000000 PM
"KHO0331","SP154",437,"Khu 1 - Ke 44",25-MAR-24 02.43.00.000000000 AM
"KHO0332","SP129",133,"Khu 3 - Ke 25",04-SEP-24 08.29.00.000000000 PM
"KHO0333","SP191",157,"Khu 7 - Ke 7",23-MAR-25 03.13.00.000000000 AM
"KHO0334","SP099",149,"Khu 7 - Ke 33",17-DEC-25 08.49.00.000000000 AM
"KHO0335","SP108",386,"Khu 9 - Ke 22",01-MAY-23 03.05.00.000000000 AM
"KHO0336","SP232",199,"Khu 6 - Ke 27",08-JAN-25 07.25.00.000000000 AM
"KHO0337","SP177",212,"Khu 4 - Ke 39",17-JAN-23 10.59.00.000000000 PM
"KHO0338","SP281",154,"Khu 6 - Ke 44",28-SEP-23 10.38.00.000000000 PM
"KHO0339","SP118",168,"Khu 6 - Ke 13",08-OCT-25 04.25.00.000000000 PM
"KHO0340","SP183",326,"Khu 1 - Ke 16",29-JAN-23 02.58.00.000000000 PM
"KHO0341","SP150",387,"Khu 1 - Ke 13",26-JAN-25 09.46.00.000000000 AM
"KHO0342","SP006",196,"Khu 8 - Ke 41",16-JUN-23 04.38.00.000000000 PM
"KHO0343","SP076",399,"Khu 8 - Ke 6",22-JAN-25 07.56.00.000000000 PM
"KHO0344","SP177",457,"Khu 6 - Ke 38",27-AUG-23 09.40.00.000000000 AM
"KHO0345","SP019",214,"Khu 5 - Ke 19",05-FEB-25 12.23.00.000000000 PM
"KHO0346","SP020",307,"Khu 2 - Ke 17",09-JUL-24 05.50.00.000000000 PM
"KHO0347","SP224",377,"Khu 1 - Ke 33",22-APR-23 02.37.00.000000000 PM
"KHO0348","SP266",409,"Khu 7 - Ke 39",22-OCT-25 11.45.00.000000000 AM
"KHO0349","SP097",478,"Khu 10 - Ke 26",16-MAR-25 04.30.00.000000000 AM
"KHO0350","SP139",140,"Khu 2 - Ke 24",14-APR-24 01.28.00.000000000 AM
"KHO0351","SP009",23,"Khu 10 - Ke 3",23-SEP-23 02.55.00.000000000 PM
"KHO0352","SP233",29,"Khu 1 - Ke 30",21-FEB-25 11.17.00.000000000 AM
"KHO0353","SP252",105,"Khu 6 - Ke 23",17-APR-25 01.14.00.000000000 AM
"KHO0354","SP184",437,"Khu 3 - Ke 46",16-OCT-25 12.21.00.000000000 PM
"KHO0355","SP123",93,"Khu 3 - Ke 15",25-SEP-25 10.01.00.000000000 PM
"KHO0356","SP034",211,"Khu 1 - Ke 8",01-OCT-23 10.08.00.000000000 PM
"KHO0357","SP282",28,"Khu 3 - Ke 34",03-MAR-24 05.30.00.000000000 PM
"KHO0358","SP112",143,"Khu 8 - Ke 4",01-JUN-24 02.14.00.000000000 PM
"KHO0359","SP088",129,"Khu 6 - Ke 26",28-AUG-25 01.52.00.000000000 AM
"KHO0360","SP060",124,"Khu 4 - Ke 15",19-JAN-25 03.36.00.000000000 PM
"KHO0361","SP070",41,"Khu 10 - Ke 12",16-JUN-25 10.47.00.000000000 PM
"KHO0362","SP003",115,"Khu 8 - Ke 39",23-MAY-23 10.26.00.000000000 AM
"KHO0363","SP240",28,"Khu 9 - Ke 1",17-SEP-25 03.43.00.000000000 PM
"KHO0364","SP295",123,"Khu 8 - Ke 17",13-MAY-24 08.53.00.000000000 AM
"KHO0365","SP141",499,"Khu 2 - Ke 15",11-FEB-25 11.25.00.000000000 PM
"KHO0366","SP213",167,"Khu 5 - Ke 39",24-OCT-24 01.46.00.000000000 PM
"KHO0367","SP241",59,"Khu 1 - Ke 37",04-NOV-23 10.16.00.000000000 AM
"KHO0368","SP127",461,"Khu 10 - Ke 13",13-DEC-23 06.50.00.000000000 PM
"KHO0369","SP250",318,"Khu 1 - Ke 25",08-DEC-25 10.23.00.000000000 AM
"KHO0370","SP025",113,"Khu 8 - Ke 31",07-MAY-25 11.32.00.000000000 AM
"KHO0371","SP217",441,"Khu 2 - Ke 21",22-OCT-25 03.30.00.000000000 PM
"KHO0372","SP218",371,"Khu 4 - Ke 40",08-DEC-24 10.43.00.000000000 PM
"KHO0373","SP185",386,"Khu 4 - Ke 26",14-JAN-25 06.27.00.000000000 AM
"KHO0374","SP067",250,"Khu 8 - Ke 11",22-OCT-24 02.08.00.000000000 AM
"KHO0375","SP046",9,"Khu 10 - Ke 33",13-JUL-25 09.48.00.000000000 PM
"KHO0376","SP279",378,"Khu 4 - Ke 33",10-OCT-24 03.13.00.000000000 PM
"KHO0377","SP277",489,"Khu 9 - Ke 38",24-JUN-24 04.41.00.000000000 AM
"KHO0378","SP196",48,"Khu 9 - Ke 17",11-DEC-23 05.56.00.000000000 PM
"KHO0379","SP128",152,"Khu 3 - Ke 12",17-MAR-25 05.59.00.000000000 AM
"KHO0380","SP102",109,"Khu 3 - Ke 22",03-MAR-24 06.08.00.000000000 PM
"KHO0381","SP146",16,"Khu 7 - Ke 50",24-JAN-23 09.45.00.000000000 PM
"KHO0382","SP160",494,"Khu 1 - Ke 9",31-MAR-25 10.43.00.000000000 AM
"KHO0383","SP185",26,"Khu 2 - Ke 50",18-JUL-24 01.56.00.000000000 PM
"KHO0384","SP119",59,"Khu 8 - Ke 39",23-SEP-25 05.30.00.000000000 AM
"KHO0385","SP056",423,"Khu 3 - Ke 37",22-SEP-25 10.26.00.000000000 PM
"KHO0386","SP063",95,"Khu 7 - Ke 8",13-FEB-24 12.32.00.000000000 AM
"KHO0387","SP143",2,"Khu 5 - Ke 21",24-DEC-23 10.21.00.000000000 PM
"KHO0388","SP106",272,"Khu 5 - Ke 13",25-JUN-23 05.57.00.000000000 PM
"KHO0389","SP048",114,"Khu 1 - Ke 38",10-SEP-25 12.43.00.000000000 PM
"KHO0390","SP183",339,"Khu 10 - Ke 47",04-AUG-24 07.15.00.000000000 PM
"KHO0391","SP011",363,"Khu 3 - Ke 6",03-JUL-23 10.24.00.000000000 PM
"KHO0392","SP103",280,"Khu 10 - Ke 44",24-DEC-24 05.59.00.000000000 PM
"KHO0393","SP250",194,"Khu 2 - Ke 17",28-OCT-24 12.24.00.000000000 AM
"KHO0394","SP007",430,"Khu 1 - Ke 41",08-JUN-25 02.32.00.000000000 AM
"KHO0395","SP020",83,"Khu 5 - Ke 17",23-FEB-25 05.53.00.000000000 PM
"KHO0396","SP038",417,"Khu 7 - Ke 40",08-JUN-23 07.47.00.000000000 PM
"KHO0397","SP198",147,"Khu 1 - Ke 47",02-AUG-25 11.33.00.000000000 PM
"KHO0398","SP153",151,"Khu 3 - Ke 13",04-NOV-24 12.04.00.000000000 PM
"KHO0399","SP091",434,"Khu 4 - Ke 29",26-APR-25 07.17.00.000000000 AM
"KHO0400","SP064",57,"Khu 6 - Ke 20",26-NOV-23 07.28.00.000000000 PM
"KHO0401","SP143",354,"Khu 2 - Ke 50",01-MAR-25 08.31.00.000000000 PM
"KHO0402","SP039",334,"Khu 4 - Ke 45",29-NOV-25 09.59.00.000000000 PM
"KHO0403","SP137",245,"Khu 6 - Ke 24",20-MAR-25 02.56.00.000000000 AM
"KHO0404","SP109",31,"Khu 9 - Ke 40",02-FEB-23 07.12.00.000000000 PM
"KHO0405","SP003",489,"Khu 4 - Ke 28",18-JUN-25 02.05.00.000000000 PM
"KHO0406","SP217",492,"Khu 1 - Ke 36",03-FEB-24 09.25.00.000000000 AM
"KHO0407","SP206",421,"Khu 5 - Ke 45",19-APR-24 02.26.00.000000000 AM
"KHO0408","SP093",138,"Khu 6 - Ke 16",22-DEC-23 11.56.00.000000000 PM
"KHO0409","SP245",238,"Khu 10 - Ke 37",04-DEC-23 04.04.00.000000000 AM
"KHO0410","SP149",262,"Khu 8 - Ke 42",14-APR-24 01.04.00.000000000 PM
"KHO0411","SP002",106,"Khu 7 - Ke 15",01-AUG-23 10.46.00.000000000 PM
"KHO0412","SP030",382,"Khu 1 - Ke 4",16-MAR-24 03.37.00.000000000 AM
"KHO0413","SP098",462,"Khu 7 - Ke 17",02-DEC-23 01.33.00.000000000 AM
"KHO0414","SP164",132,"Khu 8 - Ke 29",24-MAR-24 07.46.00.000000000 PM
"KHO0415","SP248",269,"Khu 2 - Ke 13",25-NOV-25 02.33.00.000000000 AM
"KHO0416","SP077",472,"Khu 1 - Ke 8",26-JAN-25 05.57.00.000000000 PM
"KHO0417","SP290",322,"Khu 9 - Ke 13",25-JUL-25 12.07.00.000000000 AM
"KHO0418","SP225",145,"Khu 6 - Ke 12",28-JUL-24 06.30.00.000000000 AM
"KHO0419","SP157",132,"Khu 3 - Ke 45",18-JUN-24 06.07.00.000000000 AM
"KHO0420","SP219",481,"Khu 3 - Ke 20",10-OCT-24 12.03.00.000000000 AM
"KHO0421","SP291",397,"Khu 7 - Ke 31",12-SEP-23 09.07.00.000000000 PM
"KHO0422","SP086",315,"Khu 4 - Ke 16",24-AUG-24 07.47.00.000000000 PM
"KHO0423","SP225",318,"Khu 4 - Ke 35",25-MAR-25 08.30.00.000000000 PM
"KHO0424","SP199",229,"Khu 4 - Ke 37",01-NOV-25 06.33.00.000000000 AM
"KHO0425","SP093",453,"Khu 10 - Ke 4",15-AUG-24 01.56.00.000000000 PM
"KHO0426","SP216",16,"Khu 10 - Ke 29",11-AUG-24 10.06.00.000000000 PM
"KHO0427","SP191",419,"Khu 8 - Ke 27",22-OCT-24 06.21.00.000000000 AM
"KHO0428","SP126",8,"Khu 1 - Ke 2",19-MAR-23 11.07.00.000000000 AM
"KHO0429","SP138",87,"Khu 8 - Ke 12",13-DEC-23 04.06.00.000000000 AM
"KHO0430","SP082",98,"Khu 4 - Ke 41",21-DEC-24 07.49.00.000000000 PM
"KHO0431","SP196",345,"Khu 2 - Ke 25",15-MAY-23 12.06.00.000000000 PM
"KHO0432","SP177",196,"Khu 4 - Ke 9",04-APR-24 07.38.00.000000000 AM
"KHO0433","SP124",13,"Khu 9 - Ke 46",23-OCT-25 09.55.00.000000000 AM
"KHO0434","SP037",402,"Khu 8 - Ke 12",03-SEP-23 10.15.00.000000000 AM
"KHO0435","SP023",157,"Khu 3 - Ke 39",06-AUG-24 02.27.00.000000000 PM
"KHO0436","SP140",333,"Khu 7 - Ke 2",15-OCT-25 11.08.00.000000000 PM
"KHO0437","SP108",266,"Khu 9 - Ke 21",06-APR-23 03.51.00.000000000 AM
"KHO0438","SP233",125,"Khu 1 - Ke 40",21-JUN-23 01.20.00.000000000 AM
"KHO0439","SP266",355,"Khu 8 - Ke 28",21-FEB-24 12.37.00.000000000 AM
"KHO0440","SP090",371,"Khu 5 - Ke 29",20-JAN-23 05.31.00.000000000 PM
"KHO0441","SP113",310,"Khu 7 - Ke 37",13-JUN-25 04.29.00.000000000 AM
"KHO0442","SP233",268,"Khu 7 - Ke 29",14-MAR-23 05.33.00.000000000 PM
"KHO0443","SP272",189,"Khu 6 - Ke 30",24-JUN-23 05.50.00.000000000 AM
"KHO0444","SP085",484,"Khu 3 - Ke 46",21-APR-25 05.33.00.000000000 PM
"KHO0445","SP129",22,"Khu 10 - Ke 44",11-SEP-25 08.08.00.000000000 PM
"KHO0446","SP189",52,"Khu 5 - Ke 45",13-DEC-25 07.46.00.000000000 AM
"KHO0447","SP265",213,"Khu 6 - Ke 30",19-APR-25 10.41.00.000000000 PM
"KHO0448","SP049",268,"Khu 1 - Ke 6",29-MAR-24 08.20.00.000000000 PM
"KHO0449","SP299",409,"Khu 6 - Ke 39",03-MAY-23 10.45.00.000000000 PM
"KHO0450","SP006",16,"Khu 4 - Ke 39",04-JUN-25 10.57.00.000000000 AM
"KHO0451","SP129",241,"Khu 1 - Ke 50",27-JUN-23 07.16.00.000000000 PM
"KHO0452","SP174",113,"Khu 8 - Ke 38",22-MAR-25 05.07.00.000000000 AM
"KHO0453","SP180",432,"Khu 1 - Ke 1",13-MAY-25 10.08.00.000000000 PM
"KHO0454","SP218",82,"Khu 6 - Ke 38",26-SEP-25 08.53.00.000000000 PM
"KHO0455","SP014",176,"Khu 3 - Ke 20",30-APR-24 06.10.00.000000000 AM
"KHO0456","SP235",19,"Khu 10 - Ke 8",30-SEP-25 06.23.00.000000000 AM
"KHO0457","SP130",268,"Khu 2 - Ke 24",26-JAN-24 10.33.00.000000000 PM
"KHO0458","SP143",258,"Khu 1 - Ke 47",08-AUG-24 02.28.00.000000000 PM
"KHO0459","SP175",316,"Khu 4 - Ke 31",23-NOV-23 08.48.00.000000000 AM
"KHO0460","SP096",111,"Khu 8 - Ke 2",23-DEC-25 02.24.00.000000000 AM
"KHO0461","SP002",205,"Khu 2 - Ke 7",27-SEP-25 09.43.00.000000000 AM
"KHO0462","SP175",48,"Khu 6 - Ke 20",24-JUL-23 12.12.00.000000000 AM
"KHO0463","SP182",298,"Khu 8 - Ke 21",20-AUG-23 12.15.00.000000000 AM
"KHO0464","SP174",12,"Khu 5 - Ke 27",15-JAN-23 06.27.00.000000000 PM
"KHO0465","SP118",115,"Khu 5 - Ke 32",17-JUL-24 11.00.00.000000000 AM
"KHO0466","SP063",229,"Khu 6 - Ke 8",28-JUN-24 11.00.00.000000000 PM
"KHO0467","SP293",55,"Khu 6 - Ke 5",03-FEB-24 03.30.00.000000000 AM
"KHO0468","SP041",128,"Khu 10 - Ke 40",01-FEB-24 08.06.00.000000000 PM
"KHO0469","SP167",192,"Khu 5 - Ke 43",16-OCT-24 12.25.00.000000000 PM
"KHO0470","SP181",42,"Khu 5 - Ke 17",25-AUG-25 02.10.00.000000000 PM
"KHO0471","SP112",446,"Khu 6 - Ke 47",04-FEB-24 03.46.00.000000000 AM
"KHO0472","SP092",5,"Khu 3 - Ke 21",15-MAR-23 09.29.00.000000000 AM
"KHO0473","SP255",127,"Khu 4 - Ke 37",27-MAR-24 12.07.00.000000000 PM
"KHO0474","SP018",483,"Khu 5 - Ke 7",16-OCT-25 09.22.00.000000000 AM
"KHO0475","SP032",199,"Khu 4 - Ke 39",05-JUL-23 08.25.00.000000000 PM
"KHO0476","SP274",221,"Khu 4 - Ke 18",29-SEP-24 06.47.00.000000000 AM
"KHO0477","SP045",379,"Khu 7 - Ke 11",25-FEB-24 08.32.00.000000000 PM
"KHO0478","SP199",20,"Khu 4 - Ke 10",14-JUL-23 04.18.00.000000000 AM
"KHO0479","SP072",290,"Khu 2 - Ke 39",19-AUG-25 02.08.00.000000000 AM
"KHO0480","SP071",221,"Khu 5 - Ke 49",20-OCT-25 11.47.00.000000000 AM
"KHO0481","SP222",45,"Khu 5 - Ke 16",24-DEC-25 08.27.00.000000000 AM
"KHO0482","SP153",91,"Khu 7 - Ke 29",26-AUG-23 08.18.00.000000000 PM
"KHO0483","SP101",289,"Khu 4 - Ke 44",17-JUL-23 05.27.00.000000000 AM
"KHO0484","SP187",84,"Khu 9 - Ke 27",29-MAR-23 04.06.00.000000000 PM
"KHO0485","SP185",283,"Khu 7 - Ke 18",13-OCT-24 04.30.00.000000000 PM
"KHO0486","SP120",62,"Khu 1 - Ke 50",24-MAR-23 08.11.00.000000000 AM
"KHO0811","SP020",201,"Khu 9 - Ke 18",10-DEC-25 07.15.00.000000000 AM
"KHO0812","SP096",136,"Khu 6 - Ke 14",16-AUG-24 08.56.00.000000000 PM
"KHO0813","SP079",313,"Khu 8 - Ke 30",30-MAR-24 10.27.00.000000000 AM
"KHO0814","SP088",53,"Khu 8 - Ke 29",03-AUG-25 12.40.00.000000000 PM
"KHO0815","SP105",426,"Khu 10 - Ke 25",17-MAR-24 09.23.00.000000000 PM
"KHO0816","SP280",359,"Khu 4 - Ke 29",29-APR-25 10.32.00.000000000 PM
"KHO0817","SP237",152,"Khu 3 - Ke 20",21-DEC-23 02.29.00.000000000 PM
"KHO0818","SP122",196,"Khu 2 - Ke 39",02-OCT-25 10.36.00.000000000 PM
"KHO0819","SP228",25,"Khu 8 - Ke 43",21-FEB-25 04.54.00.000000000 AM
"KHO0820","SP136",319,"Khu 9 - Ke 36",13-OCT-25 01.32.00.000000000 PM
"KHO0821","SP128",104,"Khu 4 - Ke 36",01-FEB-25 05.32.00.000000000 AM
"KHO0822","SP110",162,"Khu 1 - Ke 38",27-JAN-23 03.05.00.000000000 AM
"KHO0823","SP178",265,"Khu 2 - Ke 36",17-SEP-23 09.35.00.000000000 AM
"KHO0824","SP184",255,"Khu 5 - Ke 47",10-NOV-23 02.03.00.000000000 PM
"KHO0825","SP136",312,"Khu 1 - Ke 41",18-MAR-25 03.02.00.000000000 PM
"KHO0826","SP238",296,"Khu 1 - Ke 9",26-JAN-25 04.47.00.000000000 PM
"KHO0827","SP219",303,"Khu 6 - Ke 13",22-NOV-23 01.22.00.000000000 PM
"KHO0828","SP277",57,"Khu 10 - Ke 21",21-FEB-25 10.34.00.000000000 AM
"KHO0829","SP218",379,"Khu 5 - Ke 34",21-MAY-24 03.41.00.000000000 PM
"KHO0830","SP204",185,"Khu 9 - Ke 2",22-JUN-25 06.18.00.000000000 AM
"KHO0831","SP148",253,"Khu 1 - Ke 20",25-FEB-25 02.26.00.000000000 PM
"KHO0832","SP094",218,"Khu 10 - Ke 12",01-SEP-23 11.40.00.000000000 PM
"KHO0833","SP149",229,"Khu 3 - Ke 20",31-MAR-24 12.10.00.000000000 AM
"KHO0834","SP060",246,"Khu 1 - Ke 13",06-DEC-23 04.03.00.000000000 PM
"KHO0835","SP087",318,"Khu 1 - Ke 17",07-APR-25 04.08.00.000000000 AM
"KHO0836","SP265",325,"Khu 7 - Ke 20",18-FEB-25 05.30.00.000000000 PM
"KHO0837","SP118",260,"Khu 4 - Ke 14",17-APR-25 08.34.00.000000000 AM
"KHO0838","SP293",169,"Khu 3 - Ke 3",21-MAY-25 09.50.00.000000000 PM
"KHO0839","SP275",38,"Khu 4 - Ke 18",19-JUL-23 01.26.00.000000000 AM
"KHO0840","SP196",95,"Khu 5 - Ke 48",19-SEP-24 09.54.00.000000000 AM
"KHO0841","SP165",438,"Khu 5 - Ke 5",25-SEP-23 01.14.00.000000000 AM
"KHO0842","SP184",411,"Khu 7 - Ke 9",22-JUL-24 01.57.00.000000000 PM
"KHO0843","SP132",347,"Khu 9 - Ke 48",13-APR-25 07.13.00.000000000 AM
"KHO0844","SP180",178,"Khu 7 - Ke 24",08-NOV-24 03.29.00.000000000 PM
"KHO0845","SP089",214,"Khu 7 - Ke 40",08-JAN-23 08.10.00.000000000 AM
"KHO0846","SP122",50,"Khu 9 - Ke 20",08-DEC-24 10.30.00.000000000 AM
"KHO0847","SP205",46,"Khu 9 - Ke 32",18-JAN-24 11.35.00.000000000 PM
"KHO0848","SP272",473,"Khu 5 - Ke 49",12-NOV-25 11.44.00.000000000 AM
"KHO0849","SP235",153,"Khu 3 - Ke 27",24-AUG-23 07.36.00.000000000 PM
"KHO0850","SP286",311,"Khu 5 - Ke 12",22-DEC-23 06.44.00.000000000 AM
"KHO0851","SP187",416,"Khu 8 - Ke 1",22-JAN-24 07.34.00.000000000 PM
"KHO0852","SP247",287,"Khu 3 - Ke 39",21-JUN-23 01.37.00.000000000 AM
"KHO0853","SP098",492,"Khu 4 - Ke 27",17-APR-23 12.32.00.000000000 PM
"KHO0854","SP207",27,"Khu 4 - Ke 21",15-DEC-24 09.24.00.000000000 PM
"KHO0855","SP124",246,"Khu 3 - Ke 4",26-MAY-24 04.06.00.000000000 PM
"KHO0856","SP198",201,"Khu 6 - Ke 45",07-DEC-24 12.10.00.000000000 AM
"KHO0857","SP074",246,"Khu 8 - Ke 31",04-AUG-23 01.56.00.000000000 AM
"KHO0858","SP066",453,"Khu 5 - Ke 8",02-MAY-23 07.31.00.000000000 PM
"KHO0859","SP265",364,"Khu 7 - Ke 2",13-DEC-23 05.37.00.000000000 AM
"KHO0860","SP093",397,"Khu 6 - Ke 5",07-APR-25 07.16.00.000000000 AM
"KHO0861","SP227",495,"Khu 3 - Ke 46",17-AUG-25 03.16.00.000000000 PM
"KHO0862","SP213",250,"Khu 3 - Ke 19",11-OCT-24 06.54.00.000000000 AM
"KHO0863","SP289",281,"Khu 10 - Ke 19",14-AUG-25 07.41.00.000000000 PM
"KHO0864","SP159",228,"Khu 8 - Ke 3",26-JUL-25 11.15.00.000000000 AM
"KHO0865","SP140",159,"Khu 4 - Ke 24",05-OCT-24 08.45.00.000000000 AM
"KHO0866","SP136",246,"Khu 10 - Ke 12",26-SEP-25 09.00.00.000000000 PM
"KHO0867","SP080",290,"Khu 7 - Ke 26",10-JUN-23 08.03.00.000000000 AM
"KHO0868","SP041",151,"Khu 3 - Ke 17",05-OCT-23 03.28.00.000000000 PM
"KHO0869","SP266",465,"Khu 9 - Ke 30",18-JUN-25 02.23.00.000000000 AM
"KHO0870","SP271",63,"Khu 10 - Ke 45",08-JUL-23 09.45.00.000000000 AM
"KHO0871","SP105",458,"Khu 7 - Ke 18",20-JUL-23 01.50.00.000000000 AM
"KHO0872","SP019",80,"Khu 9 - Ke 10",20-SEP-23 11.26.00.000000000 PM
"KHO0873","SP232",149,"Khu 1 - Ke 34",21-MAY-23 09.30.00.000000000 AM
"KHO0874","SP054",163,"Khu 6 - Ke 37",29-FEB-24 09.13.00.000000000 AM
"KHO0875","SP116",368,"Khu 7 - Ke 16",12-MAR-24 02.16.00.000000000 AM
"KHO0876","SP299",278,"Khu 7 - Ke 25",26-DEC-24 12.42.00.000000000 PM
"KHO0877","SP289",495,"Khu 5 - Ke 29",08-AUG-24 06.53.00.000000000 AM
"KHO0878","SP111",300,"Khu 6 - Ke 25",20-JUN-25 08.09.00.000000000 AM
"KHO0879","SP091",62,"Khu 10 - Ke 11",14-SEP-23 06.28.00.000000000 AM
"KHO0880","SP236",219,"Khu 2 - Ke 47",25-JAN-25 08.02.00.000000000 PM
"KHO0881","SP148",248,"Khu 5 - Ke 46",23-JUN-23 10.07.00.000000000 PM
"KHO0882","SP256",148,"Khu 4 - Ke 42",20-AUG-23 03.28.00.000000000 PM
"KHO0883","SP152",232,"Khu 10 - Ke 33",05-JUN-23 10.06.00.000000000 AM
"KHO0884","SP249",453,"Khu 2 - Ke 19",30-SEP-23 07.31.00.000000000 AM
"KHO0885","SP015",183,"Khu 7 - Ke 29",05-MAY-23 11.40.00.000000000 AM
"KHO0886","SP295",473,"Khu 3 - Ke 16",15-MAY-23 04.31.00.000000000 PM
"KHO0887","SP150",86,"Khu 8 - Ke 27",17-JUN-25 12.31.00.000000000 PM
"KHO0888","SP033",195,"Khu 1 - Ke 12",11-JAN-24 07.42.00.000000000 AM
"KHO0889","SP157",493,"Khu 6 - Ke 45",15-MAR-24 04.15.00.000000000 PM
"KHO0890","SP063",206,"Khu 7 - Ke 37",29-MAY-25 06.28.00.000000000 PM
"KHO0891","SP180",249,"Khu 8 - Ke 37",26-JUL-24 05.22.00.000000000 PM
"KHO0892","SP095",202,"Khu 3 - Ke 15",25-MAR-25 04.24.00.000000000 AM
"KHO0893","SP199",207,"Khu 8 - Ke 25",13-DEC-24 11.25.00.000000000 PM
"KHO0894","SP109",96,"Khu 2 - Ke 22",09-MAY-25 10.11.00.000000000 PM
"KHO0895","SP244",376,"Khu 4 - Ke 17",11-JUL-23 06.42.00.000000000 AM
"KHO0896","SP141",168,"Khu 6 - Ke 47",20-FEB-23 12.07.00.000000000 AM
"KHO0897","SP031",33,"Khu 1 - Ke 29",05-APR-23 12.28.00.000000000 PM
"KHO0898","SP185",276,"Khu 9 - Ke 17",24-JUN-24 07.11.00.000000000 PM
"KHO0899","SP242",158,"Khu 8 - Ke 35",16-JUN-25 12.13.00.000000000 PM
"KHO0900","SP216",61,"Khu 9 - Ke 32",14-NOV-23 01.28.00.000000000 PM
"KHO0901","SP037",278,"Khu 5 - Ke 19",29-AUG-25 01.42.00.000000000 PM
"KHO0902","SP039",216,"Khu 1 - Ke 36",31-AUG-23 03.44.00.000000000 PM
"KHO0903","SP085",58,"Khu 7 - Ke 17",05-NOV-24 07.26.00.000000000 PM
"KHO0904","SP175",249,"Khu 1 - Ke 40",18-JAN-23 02.10.00.000000000 AM
"KHO0905","SP280",57,"Khu 10 - Ke 23",14-AUG-25 04.59.00.000000000 AM
"KHO0906","SP207",135,"Khu 1 - Ke 26",11-MAR-25 11.57.00.000000000 AM
"KHO0907","SP104",338,"Khu 6 - Ke 23",02-NOV-23 04.11.00.000000000 PM
"KHO0908","SP091",67,"Khu 8 - Ke 37",01-SEP-24 10.18.00.000000000 AM
"KHO0909","SP213",240,"Khu 1 - Ke 29",25-APR-23 06.49.00.000000000 PM
"KHO0910","SP126",115,"Khu 3 - Ke 40",30-APR-25 07.07.00.000000000 PM
"KHO0911","SP016",169,"Khu 1 - Ke 44",31-OCT-25 05.52.00.000000000 PM
"KHO0912","SP203",94,"Khu 2 - Ke 2",03-DEC-23 07.27.00.000000000 PM
"KHO0913","SP018",341,"Khu 2 - Ke 34",20-APR-23 02.50.00.000000000 AM
"KHO0914","SP095",82,"Khu 5 - Ke 9",18-AUG-24 07.45.00.000000000 PM
"KHO0915","SP154",414,"Khu 8 - Ke 34",09-FEB-23 12.29.00.000000000 PM
"KHO0916","SP176",107,"Khu 8 - Ke 27",11-JUL-24 07.22.00.000000000 AM
"KHO0917","SP114",158,"Khu 6 - Ke 19",28-NOV-24 04.29.00.000000000 PM
"KHO0918","SP210",1,"Khu 9 - Ke 1",15-JUL-24 09.43.00.000000000 PM
"KHO0919","SP218",60,"Khu 7 - Ke 28",31-MAY-23 11.21.00.000000000 AM
"KHO0920","SP026",398,"Khu 4 - Ke 31",10-AUG-23 01.13.00.000000000 AM
"KHO0921","SP185",252,"Khu 8 - Ke 1",26-AUG-25 08.38.00.000000000 AM
"KHO0922","SP111",191,"Khu 2 - Ke 15",28-MAY-25 11.16.00.000000000 PM
"KHO0923","SP094",82,"Khu 8 - Ke 8",22-MAY-25 10.39.00.000000000 PM
"KHO0924","SP043",404,"Khu 4 - Ke 40",22-JUL-25 12.41.00.000000000 AM
"KHO0925","SP013",489,"Khu 9 - Ke 8",30-MAY-23 10.32.00.000000000 AM
"KHO0926","SP260",126,"Khu 9 - Ke 34",25-APR-23 09.24.00.000000000 PM
"KHO0927","SP273",403,"Khu 6 - Ke 15",09-SEP-23 01.14.00.000000000 PM
"KHO0928","SP284",208,"Khu 4 - Ke 21",17-DEC-24 04.28.00.000000000 AM
"KHO0929","SP072",27,"Khu 10 - Ke 4",08-JAN-24 10.38.00.000000000 PM
"KHO0930","SP175",315,"Khu 8 - Ke 46",07-AUG-25 09.05.00.000000000 PM
"KHO0931","SP186",456,"Khu 5 - Ke 10",09-APR-24 10.26.00.000000000 AM
"KHO0932","SP005",418,"Khu 1 - Ke 17",15-APR-23 10.30.00.000000000 AM
"KHO0933","SP240",451,"Khu 4 - Ke 8",24-FEB-24 11.38.00.000000000 AM
"KHO0934","SP078",149,"Khu 2 - Ke 25",06-JUL-25 02.01.00.000000000 AM
"KHO0935","SP038",318,"Khu 2 - Ke 11",22-MAR-25 08.33.00.000000000 PM
"KHO0936","SP196",24,"Khu 2 - Ke 22",08-OCT-24 12.51.00.000000000 PM
"KHO0937","SP041",315,"Khu 2 - Ke 50",17-AUG-23 04.18.00.000000000 PM
"KHO0938","SP009",415,"Khu 7 - Ke 40",20-MAR-23 02.37.00.000000000 PM
"KHO0939","SP139",473,"Khu 10 - Ke 24",13-FEB-23 12.12.00.000000000 PM
"KHO0940","SP170",303,"Khu 9 - Ke 30",15-NOV-23 06.48.00.000000000 PM
"KHO0941","SP156",313,"Khu 3 - Ke 32",03-JAN-25 03.13.00.000000000 AM
"KHO0942","SP157",398,"Khu 1 - Ke 8",22-AUG-24 03.34.00.000000000 AM
"KHO0943","SP207",157,"Khu 8 - Ke 10",28-NOV-23 09.30.00.000000000 AM
"KHO0944","SP151",410,"Khu 4 - Ke 30",06-JUN-25 11.48.00.000000000 PM
"KHO0945","SP045",57,"Khu 3 - Ke 2",29-JUN-24 05.05.00.000000000 PM
"KHO0946","SP002",155,"Khu 8 - Ke 29",10-FEB-25 01.51.00.000000000 AM
"KHO0947","SP134",214,"Khu 1 - Ke 45",17-APR-25 05.54.00.000000000 AM
"KHO0948","SP053",260,"Khu 5 - Ke 33",17-JUN-25 05.18.00.000000000 AM
"KHO0949","SP041",461,"Khu 1 - Ke 22",19-DEC-25 12.05.00.000000000 PM
"KHO0950","SP101",490,"Khu 7 - Ke 27",13-JUL-24 02.27.00.000000000 PM
"KHO0951","SP290",482,"Khu 8 - Ke 13",08-APR-24 09.11.00.000000000 AM
"KHO0952","SP032",350,"Khu 3 - Ke 22",05-NOV-25 02.43.00.000000000 AM
"KHO0953","SP154",196,"Khu 7 - Ke 10",28-APR-25 11.13.00.000000000 PM
"KHO0954","SP034",54,"Khu 3 - Ke 10",11-APR-24 12.04.00.000000000 PM
"KHO0955","SP068",47,"Khu 3 - Ke 7",22-APR-24 04.34.00.000000000 PM
"KHO0956","SP291",407,"Khu 1 - Ke 47",02-JAN-24 09.38.00.000000000 AM
"KHO0957","SP297",420,"Khu 6 - Ke 7",07-MAR-24 12.20.00.000000000 AM
"KHO0958","SP241",8,"Khu 6 - Ke 26",06-MAR-23 02.59.00.000000000 PM
"KHO0959","SP298",317,"Khu 1 - Ke 25",17-JUN-25 05.08.00.000000000 PM
"KHO0960","SP168",238,"Khu 8 - Ke 17",19-MAY-24 07.04.00.000000000 AM
"KHO0961","SP245",434,"Khu 4 - Ke 9",08-MAR-23 12.25.00.000000000 AM
"KHO0962","SP254",278,"Khu 7 - Ke 34",08-NOV-25 06.26.00.000000000 PM
"KHO0963","SP061",154,"Khu 6 - Ke 35",17-JAN-24 10.45.00.000000000 AM
"KHO0964","SP100",53,"Khu 4 - Ke 28",29-APR-25 12.47.00.000000000 PM
"KHO0965","SP171",221,"Khu 7 - Ke 26",14-NOV-25 02.06.00.000000000 PM
"KHO0966","SP285",154,"Khu 8 - Ke 4",08-JUL-25 02.25.00.000000000 AM
"KHO0967","SP204",389,"Khu 2 - Ke 20",26-JUN-23 05.32.00.000000000 PM
"KHO0968","SP238",275,"Khu 7 - Ke 48",08-AUG-23 08.21.00.000000000 AM
"KHO0969","SP069",408,"Khu 1 - Ke 13",26-OCT-25 03.56.00.000000000 PM
"KHO0970","SP171",489,"Khu 4 - Ke 32",20-MAY-24 02.41.00.000000000 AM
"KHO0971","SP126",78,"Khu 3 - Ke 35",06-OCT-24 07.03.00.000000000 AM
"KHO0972","SP229",383,"Khu 1 - Ke 35",14-DEC-23 06.56.00.000000000 AM
"KHO0973","SP104",489,"Khu 10 - Ke 19",20-NOV-23 06.43.00.000000000 PM
"KHO0974","SP284",148,"Khu 6 - Ke 2",02-DEC-23 10.02.00.000000000 AM
"KHO0975","SP283",126,"Khu 9 - Ke 39",10-JUN-25 08.36.00.000000000 AM
"KHO0976","SP287",271,"Khu 9 - Ke 50",03-JUL-25 11.11.00.000000000 AM
"KHO0977","SP109",323,"Khu 6 - Ke 22",29-MAR-23 09.30.00.000000000 AM
"KHO0978","SP230",361,"Khu 1 - Ke 4",28-NOV-25 03.46.00.000000000 AM
"KHO0979","SP014",29,"Khu 5 - Ke 34",29-FEB-24 02.00.00.000000000 AM
"KHO0980","SP258",349,"Khu 6 - Ke 32",11-SEP-24 07.08.00.000000000 AM
"KHO0981","SP012",271,"Khu 7 - Ke 26",25-JUN-25 10.59.00.000000000 PM
"KHO0982","SP061",119,"Khu 2 - Ke 38",16-AUG-23 10.35.00.000000000 AM
"KHO0983","SP026",103,"Khu 5 - Ke 27",06-APR-23 07.23.00.000000000 AM
"KHO0984","SP002",272,"Khu 1 - Ke 40",18-JUL-24 12.29.00.000000000 PM
"KHO0985","SP108",18,"Khu 6 - Ke 14",28-NOV-24 11.12.00.000000000 AM
"KHO0986","SP215",464,"Khu 6 - Ke 8",28-OCT-24 05.52.00.000000000 PM
"KHO0987","SP083",12,"Khu 7 - Ke 9",19-JUL-25 03.09.00.000000000 AM
"KHO0988","SP290",456,"Khu 4 - Ke 9",14-OCT-25 10.33.00.000000000 AM
"KHO0989","SP123",17,"Khu 7 - Ke 5",14-NOV-24 03.49.00.000000000 AM
"KHO0990","SP008",130,"Khu 2 - Ke 21",16-OCT-25 02.53.00.000000000 AM
"KHO0991","SP222",430,"Khu 8 - Ke 45",31-MAY-24 03.01.00.000000000 AM
"KHO0992","SP089",209,"Khu 10 - Ke 48",30-SEP-23 07.17.00.000000000 AM
"KHO0993","SP066",280,"Khu 4 - Ke 48",02-OCT-25 09.39.00.000000000 PM
"KHO0994","SP017",425,"Khu 9 - Ke 10",11-FEB-23 02.16.00.000000000 AM
"KHO0995","SP096",489,"Khu 4 - Ke 6",03-SEP-23 06.41.00.000000000 PM
"KHO0996","SP114",414,"Khu 2 - Ke 12",29-JAN-25 04.31.00.000000000 AM
"KHO0997","SP179",70,"Khu 10 - Ke 48",17-SEP-24 03.47.00.000000000 AM
"KHO0998","SP102",368,"Khu 4 - Ke 6",30-DEC-24 05.36.00.000000000 AM
"KHO0999","SP013",79,"Khu 5 - Ke 8",06-NOV-25 07.04.00.000000000 AM
"KHO1000","SP113",437,"Khu 4 - Ke 2",11-DEC-24 02.27.00.000000000 PM
